ID_ESPACIA,NOM_MUNICI,Wpop2015,WpopBirths2015,UrbanPop,MeanGCP_2005USD,MeanTraveltime
23189,CINAGA DE ORO,60237.5056,66.1552054,1360.221367,3643.981354,86.43839987
23570,PUEBLO NUEVO,36009.49183,126.6089846,233.0956342,3647.468565,133.556654
23068,AYAPEL,50561.54423,282.1169306,2754.578823,4025.636464,175.3707682
23580,PUERTO LIBERTADOR,45962.01708,109.1715937,555.8697823,7479.786933,274.9994092
23686,SAN PELAYO,48549.89168,79.34816719,1640.927205,3837.136921,72.19066945
70221,COVEAS,12656.231,27.73097078,264.6603442,3473.85601,57.23480966
70523,PALMITO,13451.92778,34.24773527,139.8067194,3473.855985,86.08438201
70820,TOL,32344.11241,180.0620618,2465.186644,3473.856058,68.9497988
70713,SAN ONOFRE,50057.51225,94.65149405,2411.809334,3760.73024,164.5876792
70473,MORROA,14918.76483,211.4552333,35.34331474,3473.855949,35.00504519
70418,LOS PALMITOS,20328.54978,15.03305543,1344.610743,3473.856009,67.99879074
70771,SUCRE,21964.52059,50.12054614,72.0859971,4609.426023,160.2227943
70429,MAJAGUAL,33747.2106,74.47309757,0,4628.528471,191.9851721
13001,CARTAGENA DE INDIAS (Distrito Turstico y Cultural),955902.3819,27422.63382,607651.1242,5568.337586,69.69448546
13673,SANTA CATALINA,12951.16307,29.19616333,447.9589726,5568.337592,84.70222265
13549,PINILLOS,24525.32048,91.33422958,0,4488.38822,201.8658562
13074,BARRANCO DE LOBA,17365.06394,99.12793605,379.4795932,4628.528434,221.5970304
13600,RIOVIEJO,15488.1659,60.14807986,89.14024928,4594.943317,291.3799716
13473,MORALES,20735.23052,70.64647885,80.02335073,4592.099621,329.9494877
13688,SANTA ROSA DEL SUR,40267.89679,349.2651414,646.9497881,6628.875499,677.1173752
13160,CANTAGALLO,9105.605623,9.907750853,65.48538493,6943.461698,359.1700792
13006,ACH,22681.30345,43.10485216,0,4628.528483,244.8977468
13030,ALTOS DEL ROSARIO,13062.63186,1.288946084,257.7317615,4628.528492,233.2212984
13810,TIQUISIO (Puerto Rico),20867.88857,183.1355578,141.0666555,4628.528486,265.0786177
8372,JUAN DE ACOSTA,15999.83823,17.50181598,625.8023927,5568.337486,67.92591218
8573,PUERTO COLOMBIA,83541.7898,1252.730147,12357.61959,4854.381847,10.68529972
8001,BARRANQUILLA (Distrito Especial,1107389.098,38817.43729,902469.1473,5027.513707,6.753061976
8685,SANTO TOMS,27226.40154,32.50799478,3708.974052,5049.096328,33.33547075
8520,PALMAR DE VARELA,25722.36279,16.28004518,4271.894903,5049.096281,50.21343609
8560,PONEDERA,20091.89106,8.634614897,2065.808718,5049.096312,40.61339906
8549,PIOJ,5391.736359,7.500894371,110.4536822,5568.337594,84.12739817
8832,TUBAR,11186.29554,6.715556954,557.0733007,5168.624947,40.26466976
91530,PUERTO ALEGRA (Cor. Departamental),1759.544988,5.193214053,0,4563.942789,3147.668416
91263,EL ENCANTO (Cor. Departamental),4774.680506,13.02367441,0,6733.669115,2698.03089
91536,PUERTO ARICA (Cor. Departamental),1359.797079,2.296328264,0,6961.283727,3500.330374
91798,TARAPAC (Cor. Departamental),4134.094412,26.68525784,2.351551449,3135.438631,4711.584172
91001,LETICIA,39012.46588,1131.967253,3038.262715,3722.752923,2196.295843
91540,PUERTO NARIO,7564.961378,93.54182363,0,4943.459143,2120.516209
91460,MIRIT-PARAN (Campoamor) (Cor. Departamental),1576.000942,0.013339967,0,4938.068689,3268.89997
91430,LA VICTORIA (Pacoa) (Cor. Departamental),1062.555177,0.224369955,2.016939049,4152.913201,2571.759755
91405,LA CHORRERA (Cor. Departamental),3793.961299,17.41391668,0,4464.067105,3440.68358
91669,SANTANDER (Araracuara) (Cor. Departamental),2808.450781,1.201423326,0,4516.950052,3526.333282
91407,LA PEDRERA (Cor. Departamental),4648.503784,17.22093761,2.148306024,5578.451945,3858.834556
95200,MIRAFLORES,13968.84251,27.25778944,19.35003177,7030.371163,1796.70562
95025,EL RETORNO,21337.45248,23.98198201,94.71957607,7294.301861,1580.95054
95015,CALAMAR,9170.029518,10.68994873,34.08524731,6972.791557,1568.272857
95001,SAN JOS DEL GUAVIARE,63982.30163,1309.454406,6962.695464,7514.514665,990.8797939
97666,TARAIRA,1024.01001,11.584844,0.665032037,3300.31681,2999.756996
97511,PACOA (Cor. Departamental),5753.565304,30.70129421,1.901875533,3790.30179,2277.24174
97161,CARUR,2828.694627,21.62980798,2.178671916,6053.826349,2551.831449
97777,PAPUNAUA (Cor. Departamental),981.9895176,4.345930069,0,5536.108589,4921.267233
97001,MIT,31089.30502,277.5118231,143.2700568,4313.285627,3286.013902
97889,YAVARAT (Cor. Departamental),1264.731705,6.060023853,3.57905034,3397.705626,3989.022355
94663,MAPIRIPANA (Cor. Departamental),2869.245091,0.507717066,0.49182017,6795.445082,3477.081046
94343,BARRANCO MINA (Cor. Departamental),4739.174926,0.534766321,0.835862499,4844.708821,3128.098558
94001,INIRIDA,19518.67228,603.5001593,29.64739929,3944.693522,3187.681559
94886,CACAHUAL (Cor. Departamental),2263.006006,1.663741312,0,5264.543411,4924.0416
94884,PUERTO COLOMBIA (Cor. Departamental),4457.813607,0.428370276,0,4024.705857,6206.785261
94885,LA GUADALUPE (Cor. Departamental),286.3025104,0,0,4550.951551,4401.672282
94888,MORICHAL (Morichal Nuevo) (Cor. Departamental),1172.383382,0.202668415,0.762641252,4511.465943,4076.554991
94887,PAN PAN (Campo Alegre) (Cor. Departamental),2917.803521,0.027633938,1.923200164,3604.30389,5385.561558
94883,SAN FELIPE (Cor. Departamental),1840.338582,0,0,3640.503578,6322.464118
99624,SANTA ROSALA,5934.440225,38.20757938,38.94084131,9552.377205,724.9421624
99524,LA PRIMAVERA,12293.77128,96.20875899,33.62174332,9347.448522,1406.0261
99001,PUERTO CARREO,15164.89863,413.6536192,151.8394726,6605.241244,953.2952852
99773,CUMARIBO,35282.80262,155.2363903,23.62529407,6116.182933,1710.108397
50350,LA MACARENA,32256.89943,104.2456836,33.98451445,6633.252989,761.9024719
50370,URIBE,15614.68018,32.37812735,30.04698555,8782.505401,540.9047132
50330,MESETAS,11915.73093,66.24709756,121.3267707,8423.959134,633.3966394
50683,SAN JUAN DE ARAMA,9306.319233,39.88721115,0,7477.262116,528.0862371
50287,FUENTE DE ORO,13272.72116,67.2046925,561.7771476,7380.678819,461.5929301
50313,GRANADA,58885.7967,3148.972202,6770.251383,7380.679014,327.7240946
50689,SAN MARTN,22926.91065,78.31833415,1154.240712,7470.459512,398.8171832
50223,CUBARRAL,6210.813811,21.73359487,100.2915444,8874.27638,482.0739187
50150,CASTILLA LA NUEVA,9003.402802,44.28791719,0,7380.679184,136.3487733
50001,VILLAVICENCIO,467045.9597,14022.67154,160648.7857,7194.247402,19.54119874
50226,CUMARAL,17947.12426,31.33682034,539.0899395,7170.647779,125.5078946
50110,BARRANCA DE UPA,3691.67517,21.8809662,0,9528.681956,221.0732529
50124,CABUYARO,4263.16857,20.59468952,62.84636916,9865.664029,227.9681389
50573,PUERTO LPEZ,33972.91722,183.4070788,758.2951827,9065.355447,266.2618281
50680,SAN CARLOS DE GUAROA,8871.626663,62.34241361,84.4665268,7380.679063,270.9722627
50577,PUERTO LLERAS,9995.859291,26.60685055,73.58790677,7398.775127,612.2332637
50590,PUERTO RICO,18290.8231,39.55667112,0,7416.934839,896.1053756
50450,PUERTO CONCORDIA,19863.99254,23.00222684,182.8475349,7439.184561,526.9744994
50325,MAPIRIPN,16637.97296,72.38959104,12.73332355,7523.769792,1054.012058
50568,PUERTO GAITN,18460.54504,287.5551667,118.0087573,8419.363787,689.8540858
50711,VISTAHERMOSA,23801.19948,68.67073355,654.7977026,7413.841105,812.647396
85440,VILLANUEVA,22930.40285,161.1063459,1527.477601,10830.63464,221.3115081
85300,SABANALARGA,3579.204448,11.71694753,0,9319.2388,323.2860319
85162,MONTERREY,14431.41281,97.41852118,0,10676.34529,258.8466229
85410,TAURAMENA,20896.25263,170.6358671,2405.716503,10034.97297,310.8603978
85279,RECETOR,3796.873739,4.715090362,0,6053.313161,489.7176064
85010,AGUAZUL,36466.36209,228.2588816,2469.447669,6406.482118,220.3942865
85001,YOPAL,134005.1878,5972.308162,29832.02197,6438.275901,196.6160258
85225,NUNCHA,8903.594008,21.55241716,20.63769397,7284.290338,477.4319235
85263,PORE,7996.020809,63.64238059,233.700164,11558.37772,412.7311441
85430,TRINIDAD,13789.40469,95.81257157,13.20670582,13820.27075,457.0219011
15223,CUBAR,6810.845783,91.77497467,0,9078.512583,793.5627552
85325,SAN LUIS DE PALENQUE,7865.34136,26.2671454,54.28149719,13466.15063,518.7379967
85139,MAN,11300.86299,84.10962386,529.7582842,10281.00264,308.1454578
85230,OROCU,8261.084683,63.15599486,63.22104018,10819.47063,623.3658359
81794,TAME,52234.49952,463.934165,3443.086502,24383.39248,622.0962874
81736,SARAVENA,45852.48323,2310.368241,7704.258401,28274.76355,236.8950836
81065,ARAUQUITA,39799.09662,138.3727426,759.3512021,28502.92834,840.8152903
81591,PUERTO RONDN,4057.542797,25.13614594,10.24768951,31450.19735,535.4236692
81001,ARAUCA,85209.63637,1799.058145,12550.41682,29016.91226,502.2033476
81220,CRAVO NORTE,4088.951877,42.88644319,13.23425258,26301.92211,896.4157308
44090,DIBULLA,30937.61613,68.42913247,320.811787,5766.87158,361.1287351
44001,RIOHACHA,236246.4946,5929.710449,76637.43487,7942.953421,83.73743723
44650,SAN JUAN DEL CESAR,35422.10941,3500.912823,3856.28072,6067.684698,128.1600658
44110,EL MOLINO,10065.44173,146.0577679,377.3690824,9263.527134,244.6097677
44874,VILLANUEVA,28310.47003,89.40095628,3882.192362,7554.393351,156.0892768
44855,URUMITA,15694.2172,5.705977993,1637.539645,7284.276468,249.9658788
44420,LA JAGUA DEL PILAR,3832.146353,2.914015137,85.74912615,5465.12442,141.5976216
44279,FONSECA,32316.65967,83.07616437,4091.291473,9263.527117,145.6333858
44078,BARRANCAS,33577.90948,96.64757766,2998.447817,9368.916612,161.1114083
44378,HATO NUEVO,22498.92821,36.434488,1622.025378,9467.771754,106.7808635
44035,ALBANIA,48183.2841,80.73302044,1351.643798,9467.771857,101.2856933
44430,MAICAO,136191.0556,3400.075529,33378.90307,9466.776994,61.59572404
44847,URIBIA,162529.6605,2133.752183,2280.500963,9385.064588,150.6525822
44560,MANAURE,96538.72057,219.1924525,2636.717281,9467.772206,81.23967464
47745,SITIONUEVO,30831.63078,24.38252313,1786.038756,5027.889432,27.68168221
47570,PUEBLOVIEJO,29502.84376,67.57802811,338.5943429,5049.096343,118.6933229
47189,CINAGA,102893.4049,2619.952735,7724.786167,4889.178235,158.4221712
47001,SANTA MARTA (Distrito Turstico Cultural e Histrico),472269.3396,11715.35836,177871.165,5527.8725,58.99660887
47288,FUNDACIN,60411.74449,2617.871444,20157.45859,4796.681382,200.0709277
47030,ALGARROBO,12379.91633,24.83761442,452.6441448,5049.096314,174.4987752
47660,SABANAS DE SAN NGEL (San ngel),21317.697,110.0587878,68.42226091,4852.509479,200.1308269
47268,EL RETN,18694.57509,33.02097756,1013.680731,5049.096279,114.8046976
47551,PIVIJAY,29134.033,953.0017532,1204.790242,5049.09632,142.8817621
47053,ARACATACA,40709.1463,92.49304736,5618.381597,4804.196426,458.4956351
20621,LA PAZ,23245.98899,54.46633051,336.7610161,5868.532841,358.5478949
20443,MANAURE BALCN DEL CESAR,13226.73953,16.69847906,545.9352613,6813.878565,310.7537008
20013,AGUSTN CODAZZI,51048.29704,230.6945681,1830.759421,5074.504987,343.7496219
20238,EL COPEY,26456.23386,113.5135183,1728.053018,4773.229053,209.5977326
20045,BECERRIL,13925.23965,65.60706466,92.61072536,4663.990884,392.8221553
20400,LA JAGUA DE IBIRICO,22028.22211,161.1988078,996.3574128,4557.579959,303.6135124
20178,CHIRIGUAN,20565.57481,1109.985168,215.0669047,4557.579901,260.7230153
20228,CURUMAN,25052.47234,159.0352481,374.3347432,4557.580072,297.3740492
20310,GONZLEZ,5870.248057,10.71749971,0,4572.792654,59.94083253
54245,EL CARMEN,14159.9699,49.34492317,96.89452171,4567.503334,334.5388059
54206,CONVENCIN,15424.54845,24.32580104,384.8672248,4641.568402,257.5811071
54800,TEORAMA,20463.94283,26.42712055,187.3172737,4727.743956,325.8878262
54810,TIB,36060.57933,268.8592137,315.1069704,5549.466775,235.0007425
54720,SARDINATA,23078.53084,128.1921755,356.4972276,5232.637972,191.1936086
54553,PUERTO SANTANDER,9644.634962,16.5017804,492.1506379,5232.637936,95.04653564
54001,CCUTA,641070.0152,15470.8252,397245.8828,5592.118372,19.53235065
54261,EL ZULIA,22162.67998,48.5314945,0,5614.663867,78.26461569
54418,LOURDES,3405.052821,10.88224023,0,6626.383754,168.4920466
54313,GRAMALOTE,5703.094943,7.193749278,0,6802.518611,139.9989195
54109,BUCARASICA,4418.184908,9.66719796,0,5232.638018,198.5997818
54871,VILLA CARO,5199.957574,31.45876244,51.13111003,6394.354776,297.5301541
54398,LA PLAYA,8505.820692,28.00715038,0,4572.792699,105.2310632
54670,SAN CALIXTO,11546.51839,26.35680877,129.8526654,4609.365173,186.0829756
54385,LA ESPERANZA,11603.51316,29.22713634,188.2915657,6331.533219,213.730218
54128,CCHIRA,10897.38615,44.93870699,39.22508696,6362.419024,328.5740264
54680,SANTIAGO,3140.500068,11.24545354,0,6802.518638,130.61872
54874,VILLA DEL ROSARIO,83344.56137,99.58409928,46072.50898,6802.518528,41.85838847
54599,RAGONVALIA,6825.224266,4.859572285,0,6802.518642,92.18162373
54347,HERRN,4016.050609,1.301019088,0,6802.518607,240.8562501
54820,TOLEDO,17251.27978,54.67458445,359.0946871,6802.518466,288.231163
68575,PUERTO WILCHES,31747.76627,144.0888561,364.0196023,5969.198669,129.4954891
68655,SABANA DE TORRES,18751.80904,108.3998332,674.7709096,6331.53312,118.2287222
68615,RIONEGRO,29344.56736,53.79869168,254.7292437,6331.533087,158.3652638
68255,EL PLAYN,11943.27409,73.75112785,0,6331.533192,362.7470376
68780,SURAT,3714.917278,15.32464863,0,6548.671747,460.8292655
68432,MLAGA,18171.35508,664.7040099,2653.123345,6579.717753,97.81422334
68266,ENCISO,3431.200507,13.9218976,0,6579.717784,158.1554654
68468,MOLAGAVITA,5443.29271,10.0679876,18.07979331,6579.717756,212.3456631
68684,SAN JOS DE MIRANDA,4667.352693,11.59592442,0,6579.717613,149.1815356
68498,OCAMONTE,4748.491116,1.287221119,45.28246126,7139.802342,204.157797
68533,PRAMO,4079.517778,8.799608143,0,7139.80232,130.0492807
68855,VALLE DE SAN JOS,4807.328045,6.185561352,77.53323089,7139.802471,238.0822556
68679,SAN GIL,43645.39542,1712.568036,11047.94611,7139.80238,87.17937695
68051,ARATOCA,8249.780349,25.23478383,62.01555408,6982.873216,99.87930717
68370,JORDN,1309.873917,0.109969593,0,7139.802376,114.4761728
68895,ZAPATOCA,9036.143979,33.55292871,12.10586667,7139.802427,117.4422751
68081,BARRANCABERMEJA,196433.4503,6098.310208,80794.89217,6576.986755,19.86336462
68190,CIMITARRA,45803.6302,230.5750217,190.8038159,7791.029433,204.5768547
68101,BOLVAR,9697.463581,15.6857498,0,7395.795037,397.5413347
68250,EL PEN,6876.667098,9.926158297,0,7337.346846,526.7193926
68385,LANDZURI,14697.61273,44.93078808,0,7158.721115,389.8420257
68377,LA BELLEZA,8532.297232,1.575634829,0,6331.438718,456.2679779
68271,FLORIN,6712.418232,38.42594542,0,6071.445236,265.1339611
68020,ALBANIA,5113.573003,5.932748208,0,5999.535118,240.4342257
68368,JESS MARA,3552.787843,3.645292693,0,5999.535067,204.1186217
68773,SUCRE,5298.571711,2.059157578,0,6659.379362,357.6552756
68324,GUAVAT,3793.242575,5.987861801,99.11990927,5999.535067,192.10802
68861,VLEZ,20517.18718,901.5271702,1024.031339,6837.965861,209.4331017
68327,GEPSA,3648.441942,3.192981531,145.7554672,7104.091309,117.5753138
68013,AGUADA,2143.984899,2.031507885,0,7139.802363,203.3276294
68397,LA PAZ,5265.968885,3.496828492,0,7139.802392,401.9322116
68673,SAN BENITO,4008.46836,6.821926187,0,7139.802214,139.0599077
68770,SUAITA,10287.69015,8.110532594,0,7139.802299,159.394627
68245,EL GUACAMAYO,1705.729504,2.104404412,0,7139.802362,377.0944086
68320,GUADALUPE,5244.64639,5.014349741,0,7139.802349,154.4283936
68211,CONTRATACIN,3913.28614,5.047221725,0,7139.802306,505.5369388
68720,SANTA HELENA DEL OPN,4338.484647,2.703287906,0,7139.802345,903.192568
68176,CHIMA,3212.787756,0.112431199,42.86076051,7139.802272,369.1650394
68500,OIBA,11241.96962,11.41875539,305.9076186,7139.802272,165.1168965
68524,PALMAS DEL SOCORRO,2208.031155,1.070927712,31.67542796,7139.802378,168.7151654
68872,VILLANUEVA,5845.643201,10.82395769,0,7139.802389,107.3035857
68298,GMBITA,6211.605878,1.95751556,0,6315.791969,161.171596
68264,ENCINO,2362.179587,3.525415889,0,6898.645973,378.7945988
68167,CHARAL,10701.14792,28.21690183,217.0139185,7126.26238,167.3322841
68572,PUENTE NACIONAL,13143.14856,45.96204932,365.3394434,5999.535057,114.5708954
68077,BARBOSA,28628.71108,64.54088622,2896.654962,5999.5352,97.4252023
15332,GICN,7506.468784,52.54325308,80.62816723,6579.717798,1689.28978
15244,EL COCUY,5179.947199,33.9934105,106.9845834,6579.717763,634.4966481
15673,SAN MATEO,3845.961047,0.092008563,150.2682939,6579.717811,282.9196662
15097,BOAVITA,7424.552084,4.829551692,193.5569072,6579.717696,224.7445781
15403,LA UVITA,2785.290002,2.375590678,54.1673284,6579.717639,269.1820451
15183,CHITA,10136.7064,25.66263371,61.25046049,6474.56861,815.2657425
15774,SUSACN,3192.520026,0.288487377,0,6579.71774,292.4203111
15720,SATIVANORTE,2457.306625,0.014812577,14.56372655,6579.71779,147.9911017
15368,JERIC,4134.407159,1.339923433,65.59003777,6579.717756,281.548052
15755,SOCOT,8625.099251,26.72179267,0,6228.346792,304.3934517
15757,SOCHA,7266.747586,36.13290995,459.563084,6127.945925,173.1999548
15533,PAYA,2138.362921,3.955223243,0,6053.312987,944.9763034
15550,PISVA,1959.425075,4.334999172,0,6053.312964,489.5891056
15377,LABRANZAGRANDE,5241.001425,6.482142059,0,6053.313212,346.1366255
15518,PAJARITO,1801.242793,0.144932746,0,6053.313191,310.6305805
15047,AQUITANIA,15651.60015,42.68641344,468.1499097,6052.685067,201.3500422
15362,IZA,2310.62598,0.287065907,110.2648879,6053.313007,99.73239019
15759,SOGAMOSO,114380.653,3107.02692,53253.07986,6053.313166,12.86915162
15464,MONGUA,4752.492277,1.546814376,46.83161969,6053.313039,401.9080819
15296,GMEZA,5017.481781,0.112939563,361.7179935,6053.313043,275.3108717
15215,CORRALES,2637.808138,0.00200703,543.6392528,6053.313084,23.23104317
15114,BUSBANZ,1145.73015,0.007094118,0,6053.313079,58.31273846
15693,SANTA ROSA DE VITERBO,23603.26955,248.5962168,8214.568742,6036.2548,23.78237428
15790,TASCO,6428.085734,0.132865962,0,6053.313066,280.0536891
15092,BETITIVA,2159.633905,0.004312254,0,6053.313126,146.684409
15087,BELN,7708.982591,2.34839672,460.2427271,6245.373327,108.8470524
15537,PAZ DE RIO,4828.212761,1.235309533,119.6047521,6357.397292,121.0865336
15238,DUITAMA,102906.9947,2499.794343,45673.85833,5999.534938,13.74345697
15806,TIBASOSA,14261.60369,16.51483394,2736.014051,6028.008629,23.28230343
15516,PAIPA,29059.18382,20.05917135,5164.637538,5999.534994,49.82098275
15763,SOTAQUIR,8286.318191,3.544292415,40.91582565,5999.535106,209.4320812
15837,TUTA,9379.520891,1.219391577,162.889684,5999.534972,152.7003233
15204,CMBITA,15393.32955,60.80265949,687.8219145,5999.534986,58.03207311
15494,NUEVO COLN,6359.739659,0.134644054,152.5923881,5999.535091,85.10985028
15090,BERBEO,1974.17541,0.273709283,0,5999.534937,185.8507739
15660,SAN EDUARDO,1858.653743,0.003587299,0,5999.535039,333.6079544
15455,MIRAFLORES,10243.74987,190.7246244,459.0184981,5999.535018,157.3031103
15514,PEZ,3070.085075,0.230367435,0,6018.534132,268.2197836
15135,CAMPOHERMOSO,3868.788229,0.181164441,18.84917729,6370.938131,455.8552694
15667,SAN LUIS DE GACENO,5356.495936,15.19005524,41.71418347,7170.647814,351.8094265
15690,SANTA MARA,4108.522075,1.198916174,0,7170.647806,287.1682714
15236,CHIVOR,1861.679247,0.004493935,0,7170.647783,545.3217564
15325,GUAYAT,5362.649994,0.602301015,52.62547552,7170.647846,246.0661199
15322,GUATEQUE,10087.36984,289.2462188,1449.185899,6248.270214,101.4674385
15778,SUTATENZA,3848.333614,1.322011987,130.8728865,5999.535182,114.5753637
15380,LA CAPILLA,2705.618781,0.004410244,18.79755434,5999.535084,273.9282645
15299,GARAGOA,16964.14847,351.6896965,1478.717085,5999.535095,138.4891531
15511,PACHAVITA,2649.723697,0.505419767,56.38238151,5999.535136,189.2336652
15842,MBITA,10384.00146,6.987465584,181.8748718,5999.535051,364.9355359
15835,TURMEQU,6715.657033,21.82981263,157.8446081,5999.535088,128.5824442
15861,VENTAQUEMADA,15300.02015,9.315292217,153.2461034,5999.535191,77.44621221
15646,SAMAC,19571.40617,36.67261232,759.6046334,5999.534989,66.15685596
15407,VILLA DE LEIVA,15345.86176,49.95642575,733.4898682,5999.535132,63.09747476
15676,SAN MIGUEL DE SEMA,4129.392883,5.434086606,0,5999.535125,184.081042
15600,RQUIRA,13119.55167,4.250642613,0,5999.535046,222.3747412
15638,SCHICA,3855.800323,0.227031324,86.47523685,5999.535168,75.93276531
15808,TINJAC,4014.344007,0.649778885,0,5999.535112,160.4106791
15776,SUTAMARCHN,5711.727665,0.122295693,40.61921403,5999.535024,147.3701516
15176,CHIQUINQUIR,63237.85504,1649.715536,3365.45781,5999.534998,102.0354017
15051,ARCABUCO,5302.262899,4.066784424,316.2055541,5999.535077,109.0177232
15696,SANTA SOFA,2845.872804,0.140133954,0,5999.535206,105.0256352
15469,MONIQUIR,21130.01264,756.0701503,2227.228697,5999.535126,108.0930957
15816,TOG,5333.453497,7.815454674,0,5999.534953,208.3907034
15664,SAN JOS DE PARE,5198.446455,4.053241071,0,6684.226015,137.2249868
15832,TUNUNGU,1645.489666,0.031833996,0,5999.534981,253.7937641
15106,BRICEO,3042.237677,10.52142719,0,5999.534956,201.6527367
15531,PAUNA,10866.5982,12.14214512,0,6253.099218,337.4802706
15131,CALDAS,3475.692585,2.107700532,0,5999.535126,183.5909836
15109,BUENAVISTA,5612.405815,2.574727037,0,5999.535061,208.9613767
15442,MARIP,7338.847543,10.17620145,0,6307.357199,188.7728061
15507,OTANCHE,11623.38403,36.87267643,0,6434.221584,416.787094
15572,PUERTO BOYAC,54528.87424,920.0237982,2557.702257,6939.8822,145.4211825
25572,PUERTO SALGAR,18207.73606,26.27043276,3121.255801,6434.22165,35.89542695
25148,CAPARRAP,16728.76454,7.475709544,0,6434.221636,138.1988082
25258,EL PEN,4816.330931,0.683964956,0,6434.221781,198.8386306
25851,TICA,4982.005116,3.863269674,59.51401679,6434.22157,95.26314912
25489,NIMAIMA,6482.440271,0.205115395,0,6434.221731,201.5719338
25592,QUEBRADANEGRA,4712.870643,0.522466447,0,6434.221539,170.7577935
25875,VILLETA,25012.21741,141.7161464,4707.41955,7455.255088,55.30987869
25320,GUADUAS,37377.94007,175.0832023,2457.464663,6434.221735,107.6004244
25662,SAN JUAN DE RIOSECO,9780.859562,36.10304859,0,9707.794049,138.0502777
25805,TIBACUY,5024.443733,2.709615801,0,9707.794123,61.76791446
25290,FUSAGASUG,129083.3464,2434.755111,35945.82037,9707.794012,8.338113978
25535,PASCA,13067.46806,11.84885641,0,9707.794122,105.9221729
25053,ARBELEZ,12721.36106,29.46985625,477.4490403,9707.794534,64.38190325
25649,SAN BERNARDO,10342.06066,12.0637338,344.219221,9707.794156,372.8867046
25120,CABRERA,4688.918692,5.065487285,0,9162.120906,400.7634106
25339,GUTIRREZ,4695.663303,13.42165274,0,8420.277318,483.3308869
25151,CQUEZA,17104.06674,698.6817552,1273.224299,7170.647845,70.25033606
25845,UNE,8685.75981,16.0999709,0,9707.794124,228.3220848
25594,QUETAME,6797.876985,1.1644267,0,7170.647816,115.8478561
25279,FMEQUE,11716.31653,64.77915933,0,7170.647818,176.1915488
25181,CHOACH,12100.43202,25.59100926,0,7170.647753,127.1706212
11001,BOGOT,7644472.884,136762.284,6395566.529,9562.675747,17.01248126
25754,SOACHA,494668.0479,2801.391576,277290.0381,9707.794157,9.108862514
25245,EL COLEGIO,21452.8317,45.26862293,846.7856365,9707.794358,51.59427953
25035,ANAPOIMA,12942.9302,0.831028037,884.0342182,9707.794291,61.41412502
25473,MOSQUERA,98452.63114,511.5327986,26445.94734,9707.794319,21.68445538
25430,MADRID,76225.68506,328.5521187,17842.98047,9707.794369,18.86289613
25286,FUNZA,78696.02024,255.8395972,21151.96401,9707.79437,26.61565836
25123,CACHIPAY,9371.82256,1.484616234,0,9707.794261,45.36947799
25596,QUIPILE,8185.998477,0.36660086,0,9707.794139,241.2724645
25269,FACATATIV,125144.1196,4843.161795,28127.56477,9707.794319,7.320521607
25260,EL ROSAL,18980.89102,102.5276301,0,9707.79417,29.56199091
25718,SASAIMA,11065.04047,32.63069357,184.2321161,9707.794115,64.18564037
25214,COTA,49840.96889,419.2142291,5506.712542,9707.794249,27.28287227
25769,SUBACHOQUE,15710.92181,2.400978405,0,7916.515306,153.2629386
25785,TABIO,25990.90524,26.14782567,0,9707.794152,23.6971946
25175,CHA,123383.2847,4182.337305,15080.45868,9707.794402,5.366764055
25126,CAJIC,54167.68344,72.56193192,7270.561325,9707.794283,8.707266986
25402,LA VEGA,14112.51789,44.02415774,1141.956934,8605.917068,85.19894285
25658,SAN FRANCISCO,9416.265408,21.85634775,264.7888296,8956.225289,91.81643355
25777,SUPAT,4996.43174,0.979875483,95.72848938,6434.221569,158.0672586
25377,LA CALERA,36861.67555,230.1992563,4503.720003,8364.46743,42.56235985
25322,GUASCA,14357.78081,2.247403536,0,7170.64773,166.2537103
25758,SOP,25879.64771,54.70458131,1050.577803,7170.647826,17.02605681
25326,GUATAVITA,6946.919377,52.62030429,0,7170.647688,212.1996466
25486,NEMOCN,13069.97345,68.87822866,0,5999.535029,39.5762293
25772,SUESCA,16246.35002,17.38632268,0,5999.53515,55.88993627
25793,TAUSA,8563.83676,2.768823424,0,6081.489718,237.2214915
25843,UBAT,37337.78091,1405.002471,962.4759169,5999.535032,72.53573187
25372,JUNN,8586.504519,2.35306581,86.33121511,7170.647912,258.6097728
25297,GACHET,10980.094,207.7432397,165.9516364,7170.647815,222.5951465
25299,GAMA,3996.130135,2.363405944,63.32447638,7170.647798,290.6123891
25436,MANTA,4891.743669,3.304348647,93.62540077,6839.751958,153.7631312
25807,TIBIRITA,2878.367455,2.565250038,65.92123496,5999.535144,204.2961485
25426,MACHET,6381.964789,0.740545999,81.69686509,6221.47595,268.4904917
25407,LENGUAZAQUE,10016.01498,2.76383613,0,5999.535032,146.8737646
25317,GUACHET,11321.21714,32.09817914,0,5999.535081,127.644209
25154,CARMEN DE CARUPA,9169.138139,12.8647239,32.18064905,5999.535113,246.1487152
25745,SIMIJACA,13120.45972,2.691410072,110.6149222,5999.535024,119.9222782
25871,VILLAGMEZ,2225.978708,3.464982499,0,6434.221727,96.97098823
25513,PACHO,26893.73171,501.9937958,90.87717359,6434.221558,112.3420563
13490,NOROSI,7969.754134,13.62411212,27.88758036,4626.368885,320.3587694
23682,SAN JOS DE UR,19332.32957,7.31644552,106.9314453,7479.786879,361.4577061
27099,BOJAY (Bellavista),10431.15192,45.69773449,0,5312.581327,843.3708823
19455,MIRANDA,33802.98138,69.34254321,1855.691869,7532.176373,102.2875689
19212,CORINTO,32343.78307,164.135266,1931.45888,7532.176483,185.7356817
19573,PUERTO TEJADA,51238.55763,158.8523009,5592.301663,7532.176241,41.63627711
19845,VILLA RICA,18279.15414,30.07384241,2324.054504,7532.176338,58.80013118
19142,CALOTO,21632.2235,189.4905645,712.8591861,6725.150237,116.1083103
19821,TORIBO,29421.23046,327.3376559,0,5531.381842,305.4103911
19364,JAMBAL,16836.90347,115.2393195,0,3840.210317,296.0470131
19137,CALDONO,32917.03614,272.6507241,0,3840.210292,195.0722185
19743,SILVIA,30270.95645,247.4875291,334.5540355,3840.210269,159.3801988
19548,PIENDAM,40331.48651,184.3028073,0,3840.210371,70.79090338
19698,SANTANDER DE QUILICHAO,89181.04787,2337.788523,7596.498288,5503.386329,120.9746926
19110,BUENOS AIRES,21433.49052,55.13909551,0,5246.909516,123.3135123
19780,SUREZ,29393.11372,108.8843867,0,5489.071654,285.5760628
19473,MORALES,26647.42496,219.3049945,0,3840.210353,246.4980744
19130,CAJIBO,37617.62341,159.1569151,102.2877726,3840.210359,80.3606777
19001,POPAYN,274803.8481,10294.59627,108861.0844,3840.210259,11.68057302
19256,EL TAMBO,45080.19837,148.9038212,0,3726.650423,244.016841
19050,ARGELIA,26454.67288,159.33809,304.0631054,3180.338427,357.4263556
19075,BALBOA,25737.65688,140.8091448,517.34999,3180.33848,234.1136311
19532,PATA  (El Bordo),35955.94628,173.1438354,2374.856022,3266.570484,133.6400022
19450,MERCADERES,18020.48882,30.81222159,91.84834114,2842.094523,170.066511
19100,BOLVAR,46023.51264,184.1278991,724.2945239,3663.090791,228.319465
19290,FLORENCIA,6517.125262,21.00035316,0,2842.094533,164.687543
19693,SAN SEBASTIN,13616.63709,33.94463314,60.60540494,4046.861098,216.0952801
19397,LA VEGA,44202.43965,97.25620759,0,3865.414373,225.3424727
19533,PIAMONTE,5919.935765,28.09132603,0,4046.0152,363.6226058
19785,SUCRE,8359.062181,33.26787286,0,3873.185819,298.3859349
19392,LA SIERRA,10825.95052,45.47188061,0,3840.210379,139.9798606
19622,ROSAS,14159.58606,29.99837519,132.7392519,3840.21034,88.98933026
19807,TIMBO,34841.77724,84.21859836,2716.093184,3840.210365,49.26468025
19760,SOTAR (Paispamba),17478.67164,37.74081378,0,3840.210364,169.3329983
19585,PURAC (Coconuco),11376.48692,65.7278006,46.59794253,3840.210391,140.6088821
99999,REA EN LITIGIO,3994.192522,37.40853225,0,3840.210408,265.7428717
19824,TOTOR,20843.05596,183.0961123,0,3840.210305,118.4517808
19355,INZ,30060.66267,330.2748172,253.5759083,3884.145676,254.5104258
19513,PADILLA,7695.906495,11.47104183,0,7532.176488,98.13796459
76243,EL AGUILA,10771.85247,23.8882116,0,7392.345956,183.9899324
76041,ANSERMANUEVO,19682.97439,77.66978942,0,6432.494927,86.86010492
76246,EL CAIRO,9556.54741,22.78575591,0,7392.345791,278.9810391
76054,ARGELIA,7049.851953,40.54821361,0,7392.345963,113.649876
76147,CARTAGO,130819.8684,1221.923682,44594.52181,5768.126779,17.01809009
76020,ALCAL,20348.98174,48.9211398,2274.807174,5768.126726,41.55534233
76497,OBANDO,14198.13105,20.62372453,320.3501166,6026.51158,97.61602316
76823,TORO,16553.78191,46.54430113,0,7392.345807,98.09140046
76863,VERSALLES,8256.199963,25.31326677,0,7392.345931,203.5276
76250,EL DOVIO,8066.356663,47.57703043,367.089591,7392.34596,204.6820956
76400,LA UNIN,36224.71936,92.98269731,0,7392.34587,74.81430879
76622,ROLDANILLO,33226.15281,427.7488079,4785.483512,7392.345857,81.08181384
76403,LA VICTORIA,13681.50707,16.50522029,489.6689775,6273.939606,121.3908033
76895,ZARZAL,43777.02721,443.5636827,5945.27073,7163.412803,61.91596359
76122,CAICEDONIA,28692.96446,77.35169338,3436.508235,5768.126719,65.16162509
76113,BUGALAGRANDE,22651.36529,20.36524209,919.8380353,7239.739806,64.5693525
76036,ANDALUCA,17413.86654,14.77864392,1502.718886,7392.345776,23.94228596
76100,BOLVAR,13324.2865,16.76886333,12.89163359,7392.345868,205.7624545
76828,TRUJILLO,18172.70074,45.52582657,449.1246693,7392.345813,155.3938693
76616,RIOFRO,15784.37167,25.86332051,562.6557422,7392.345855,99.25774069
76834,TULU,208166.2132,4372.736126,58786.40714,6656.676542,49.77917857
76670,SAN PEDRO,17078.17499,25.92886025,629.735245,7489.019491,81.44840935
76111,BUGA,117295.061,2497.800501,32855.62029,7058.206938,53.82108963
76126,CALIMA (El Darin),16793.85451,35.56895782,919.4545161,7510.407697,236.145014
76606,RESTREPO,12860.11251,37.14575511,0,7532.176333,89.24404973
76890,YOTOCO,16214.18309,9.075982517,715.4919318,7520.900296,45.96145417
76869,VIJES,10761.63052,11.86278926,1260.93265,7532.176457,108.1673776
76318,GUACAR,34201.53029,32.67029626,2978.451757,7532.176326,51.05965727
76306,GINEBRA,21601.06166,39.98393498,962.7083181,7532.176369,176.1606797
76248,EL CERRITO,56359.29702,81.7548691,4574.967006,7445.518364,50.24445006
76520,PALMIRA,306281.9556,4511.299716,29904.65038,7506.079356,24.99895541
76130,CANDELARIA,83147.00885,115.200116,9999.34135,7532.176282,29.57269336
76275,FLORIDA,55734.92239,209.9884104,4692.847359,7532.176487,121.4833009
76892,YUMBO,120637.9787,177.0977467,41637.03986,7532.176358,13.88718231
76001,CALI,2353874.226,41064.70635,1493100.858,7532.176322,14.0726003
76233,DAGUA,40526.78274,141.9108565,374.413734,7532.176587,117.5352024
76377,LA CUMBRE,13074.98883,32.43310574,0,7532.176365,98.16222296
76364,JAMUND,113805.1161,332.6172582,12711.52549,7532.176405,95.46743175
52435,MALLAMA (Piedrancha),7004.835575,18.20772124,0,2842.094511,337.3601124
52699,SANTA CRUZ (Guachavs),30950.29261,62.83435643,0,2842.094535,507.744856
52565,PROVIDENCIA,12592.84413,37.68613971,0,2842.0945,262.5506209
52838,TQUERRES,40109.96256,756.9862255,0,2842.094483,85.97957339
52720,SAPUYES,7257.004676,0.536818508,0,2842.09452,78.41832335
52506,OSPINA,8882.490627,5.724199421,0,2842.094439,84.53593952
52354,IMUS,6446.237417,7.115049216,0,2842.09454,66.69301896
52320,GUAITARILLA,12736.20002,21.86520037,0,2842.094469,102.669615
52352,ILES,8091.568227,23.89403281,312.879444,3693.016271,61.91231384
52317,GUACHUCAL,16173.75361,41.65740031,552.1813614,3689.217711,76.16982965
52022,ALDANA,7672.284643,24.70469364,478.7034539,3853.013067,55.85666617
52585,PUPIALES,18593.27235,27.08723861,239.1846364,3853.013023,33.98656553
52323,GUALMATN,6517.19023,5.017914882,235.3355241,3853.013012,41.39211431
52560,POTOS,12761.65018,59.73926511,528.1610433,3853.013028,523.8762768
52215,CRDOBA,13985.23832,69.48433973,271.466566,3853.013074,632.3398445
52573,PUERRES,8446.024124,14.14064747,378.0771651,3853.01307,588.2739654
52287,FUNES,7193.030923,13.88039932,0,3790.572606,668.9875089
52788,TANGUA,9918.80512,21.26712149,0,2981.707516,245.4821766
52885,YACUANQUER,10898.16963,4.938424897,0,2842.094425,66.12425586
52001,PASTO,428266.4929,9960.99998,174969.0029,3117.490641,32.4099623
52036,ANCUYA,7914.556629,6.21839377,259.6041373,2842.094423,82.95336416
52678,SAMANIEGO,43110.17582,262.7913886,707.3441344,2842.09446,332.5520747
52385,LA LLANADA,6271.736755,9.837435342,0,2842.09446,594.183468
52418,LOS ANDES (Sotomayor),22370.6673,35.07044614,0,2842.094499,665.3329141
52254,EL PEOL,6680.425573,10.77294498,0,2842.094469,110.2554121
52540,POLICARPA,16151.98433,33.51908687,137.620915,2842.094523,237.5146408
52256,EL ROSARIO,10874.93971,23.77372755,23.04672686,2842.094449,322.6778031
52405,LEIVA,12891.56967,46.46890137,169.3869362,2893.508164,230.3267948
52786,TAMINANGO,19936.54156,17.68543637,505.0503539,2842.094493,110.0432396
52687,SAN LORENZO,19655.05494,29.12072151,135.6893597,2842.09449,157.4797229
52051,ARBOLEDA (Berruecos),7524.16416,6.983383721,0,2842.094448,74.40496246
52399,LA UNIN,25844.99215,683.7496422,0,2842.09451,115.1335154
52694,SAN PEDRO DE CARTAGO (Cartago),7485.333885,12.18541482,85.9954305,2842.094503,100.6638758
52203,COLN (Gnova),10363.27303,20.14051228,148.7930139,2842.094531,106.6293959
52693,SAN PABLO,18234.55544,30.27625736,471.9195397,3590.197968,126.7128742
52378,LA CRUZ,16388.12831,49.94650471,0,4046.861166,177.3862501
52083,BELN,9119.450946,30.77774616,94.00668367,2842.094473,137.3625294
52685,SAN BERNARDO,17578.09911,0.421440987,564.6729144,3073.012079,121.7064154
52019,ALBN (San Jos),21895.26081,13.03411173,169.8371809,2969.721219,104.5033229
52110,BUESACO,22044.3693,67.23244066,0,2842.094482,185.2031916
52240,CHACHAG,14259.52046,29.77327496,445.579827,2842.094451,80.69531467
52480,NARIO,6777.536925,6.727491354,367.9611278,2842.094542,75.76511785
52381,LA FLORIDA,9892.355673,9.290380073,137.7426541,2842.094478,126.608572
52260,EL TAMBO,12776.18285,33.60612964,163.4439185,2842.09448,124.1812994
52411,LINARES,10128.4317,10.42054528,0,2842.094523,180.7950137
52210,CONTADERO,6944.438901,9.865966929,61.76150625,3853.013039,32.65810698
19300,GUACHEN,12012.33958,10.50557345,0,7532.17635,65.59965732
86749,SIBUNDOY,12567.11443,31.80351585,209.3301737,4046.861178,89.83165845
86760,SANTIAGO,8428.785477,2.149513277,0,3229.087036,263.3839126
86219,COLN,7238.306481,387.8764324,0,3786.739022,301.0869263
86755,SAN FRANCISCO,7287.201273,3.265993303,0,4046.861165,243.8954132
18610,SAN JOS DEL FRAGUA,15150.70973,72.25116729,116.9554341,4216.486715,433.9798623
18205,CURILLO,11260.48495,76.57828949,239.9551689,4546.875106,325.922041
18479,MORELIA,3949.325995,6.584778989,0,5312.342816,236.4613512
18460,MILN,11659.48707,39.40031177,49.79208438,5271.304167,472.081821
41016,AIPE,25207.9613,68.74155304,252.3591189,5547.281405,193.9303633
41001,NEIVA,337802.2255,11198.77005,168590.7141,5716.826487,37.57845395
41132,CAMPOALEGRE,34012.29872,94.9546141,1096.827419,5842.559625,89.18170119
41801,TERUEL,11579.48331,41.63559883,161.5040445,5719.59931,371.1265187
41483,NTAGA,6055.47341,33.9075633,83.20279203,5842.559594,200.0652922
41518,PAICOL,5688.271746,11.56357717,0,5842.559719,205.8558058
41396,LA PLATA,60664.71469,2099.985804,0,4829.9057,247.2460083
41013,AGRADO,9357.452495,55.82830373,194.7488921,5842.55968,165.9646251
41298,GARZN,82189.63291,2819.612872,5810.470645,5842.559657,193.4558504
41503,OPORAPA,12737.67811,10.08635411,113.0053047,4555.277033,178.6502606
41807,TIMAN,19610.72913,22.24669862,1016.706034,5326.696974,125.7413829
41668,SAN AGUSTN,32401.26915,48.29926845,696.6103085,3984.659176,246.117273
41530,PALESTINA,9309.136357,20.60991464,179.1484086,4046.861042,213.475864
41006,ACEVEDO,27083.19008,46.17438291,580.8470568,4866.154894,210.1295895
41770,SUAZA,19216.01054,145.1126515,108.8659826,5312.342737,221.9703218
41026,ALTAMIRA,5076.253436,26.73304805,171.6558399,5842.559726,122.6020214
41872,VILLAVIEJA,6854.182733,13.6693129,172.7414162,5547.281223,112.2148149
73520,PALOCABILDO,9239.094307,84.47414835,255.5531453,6177.792463,199.696323
73443,MARIQUITA,33408.36232,164.7215532,5071.996631,6434.221682,93.5666118
73283,FRESNO,30781.57785,206.6804898,1436.544841,6195.574929,129.4792346
73347,HERVEO,8215.6128,18.83578299,181.7655696,6154.823185,172.4287502
73152,CASABIANCA,6769.183654,35.43823004,67.51656207,6063.976174,239.2818106
73870,VILLAHERMOSA,10687.64663,54.52958795,211.5843984,5880.478899,172.2151473
73411,LBANO,41100.93079,1091.273427,7882.768724,6194.074783,110.1489252
73461,MURILLO,5435.195788,37.00808141,29.93147102,5768.126802,333.4743634
73043,ANZOTEGUI,17163.30332,38.66994645,0,5768.126739,396.6997507
73861,VENADILLO,19770.82124,33.32533192,573.3263345,9087.722831,124.3019461
73408,LRIDA,17834.61718,310.8886548,164.4698231,9707.794489,137.5354699
73026,ALVARADO,8688.56784,37.54956482,102.6868816,8412.45889,102.7370683
73168,CHAPARRAL,47260.09585,1415.685669,1975.471581,5547.28132,355.0166889
73616,RIOBLANCO,24835.90673,345.696705,125.1247386,5879.244918,1090.710354
73217,COYAIMA,28316.38548,168.0355382,0,5626.789136,222.3417925
73671,SALDAA,14562.45379,35.10598111,746.0802483,6246.062494,71.67222047
73854,VALLE DE SAN JUAN,6307.954267,15.40496395,0,5768.126761,159.3854983
73873,VILLARRICA,5623.810451,32.71883636,0,8944.637217,347.9366288
73275,FLANDES,29181.0155,39.69322217,5038.94449,9707.794491,12.63583554
73200,COELLO,9675.99281,9.917375043,0,9529.366814,107.0401614
73030,AMBALEMA,7099.573266,18.93653732,0,9707.794136,123.4942495
73352,ICONONZO,11084.16821,37.02495694,202.9574933,9707.794285,164.5943496
73547,PIEDRAS,5952.035654,18.3442722,29.30618675,9478.971373,194.730045
73226,CUNDAY,10064.79098,26.55168733,65.64146971,9400.771421,245.9816474
63470,MONTENEGRO,41424.87539,108.6856305,1802.188997,5768.126708,56.29332339
63401,LA TEBAIDA,40665.02039,162.1694735,6826.006046,5768.126719,25.47343843
63548,PIJAO,6412.921454,10.68015473,0,5768.126702,190.9078487
63302,GNOVA,8457.468561,8.878254395,0,5768.126894,208.7154126
66682,SANTA ROSA DE CABAL,71880.56443,272.8832484,1949.923407,5768.126784,97.66554737
66170,DOSQUEBRADAS,199332.3921,1080.556542,85432.11989,5768.126607,5.177632106
66440,MARSELLA,23037.10901,91.38461898,0,5835.680256,104.5443827
66045,APA,18311.96964,65.20558912,410.8817407,6105.811258,122.7516759
66594,QUINCHA,31190.0178,208.4182746,733.1220234,6177.792378,99.40138458
27745,SIP,3904.707966,6.927376092,0,7392.345987,1145.9627
27491,NVITA,5445.514613,18.76149394,0,7333.923112,585.7835237
27450,MEDIO SAN JUAN (Andagoya),13920.36521,39.56675237,0,7025.229084,377.4183614
27205,CONDOTO,7170.586185,86.92743454,0,5364.393521,486.5725321
27361,ISTMINA,26618.07758,318.0505536,0,6144.952593,435.7552507
27160,CERTEGUI,13111.89914,42.63136338,0,5364.393331,265.4573699
27073,BAGAD,8100.138922,52.84638847,0,5364.39345,911.2098954
27135,EL CANTN DEL SAN PABLO,7492.671726,0.271422169,0,5364.393593,249.9132608
27600,RO QUITO (Paimad),9121.6113,31.46416423,12.47943149,5364.393446,291.6755858
27245,EL CARMEN,15543.63519,43.26907059,69.0956552,5364.393502,383.3223977
27430,MEDIO BAUD (Boca de Pep),13486.1921,30.42907737,0,5065.70342,696.813414
27580,RO IR (Santa Rita),10906.69947,31.4166157,0,5364.393536,403.0661469
17877,VITERBO,12843.50737,52.2403667,1072.46229,6100.496569,69.4903879
17042,ANSERMA,34734.81382,166.7706404,2823.131911,6177.792418,70.80668933
17272,FILADELFIA,11700.59455,30.33060745,244.6109565,6177.792268,63.64443179
17777,SUPA,22683.61565,192.1851301,675.7472239,6177.792317,87.75485463
17388,LA MERCED,5812.496848,25.41558914,0,6177.792447,155.7853343
17653,SALAMINA,17527.2318,250.3118427,1015.438352,6177.792471,152.676491
17513,PCORA,12657.76986,62.12251619,253.3450486,6177.792274,177.6876403
17013,AGUADAS,22589.40453,151.2825001,1378.06145,6177.79226,225.1220177
17541,PENSILVANIA,25415.14306,67.75403114,552.6473045,6177.792383,334.4712963
17662,SAMAN,25869.23559,90.71639417,271.8298402,6317.445653,337.0904046
17495,NORCASIA,6504.375031,36.89641321,77.97626259,6434.221627,131.0365484
17050,ARANZAZU,11503.59728,73.59538114,255.5946203,6177.7924,95.65179583
5364,JARDN,13930.08302,102.7691579,301.5310925,6177.792403,402.6836475
5034,ANDES,42809.24966,292.3360994,2156.58145,6133.85474,284.8760402
5368,JERIC,12309.21588,33.41307157,339.942384,6177.792379,118.0600719
5576,PUEBLORRICO,7610.528556,52.87556946,276.137275,6177.792309,116.6144967
5353,HISPANIA,4911.941434,11.92192887,415.5577851,6177.792277,112.6864508
5789,TMESIS,15233.81086,77.86345016,176.5345645,6177.792441,243.480922
5390,LA PINTADA,3387.476435,24.48255311,0,6177.792551,86.09067111
5002,ABEJORRAL,19749.68655,109.7507263,638.5872931,6177.792332,196.6279417
5756,SONSN,36728.49356,98.9007642,494.3509788,6282.523038,271.3659835
5483,NARIO,16767.63748,53.73726677,145.8013317,6177.792356,309.0030434
5055,ARGELIA,9019.72395,24.85184626,82.79133358,6196.86694,334.3450889
5585,PUERTO NARE,18158.05978,12.42794534,454.0229828,7946.413937,184.1563246
5649,SAN CARLOS,15732.89259,30.02625496,160.6794814,8027.009248,225.0269195
5667,SAN RAFAEL,13613.68086,47.67299417,172.057513,8153.772567,544.0262196
5197,COCORN,14307.48687,40.87093803,341.1568308,7801.449072,134.8468749
5697,SANTUARIO,26749.53724,34.96261763,2237.41141,8359.057335,32.49206072
5376,LA CEJA,51371.04938,1039.17524,7827.760741,7513.360119,46.79209355
5400,LA UNION,19353.47945,39.07528365,875.2797455,6422.552542,57.03706031
5679,SANTA BRBARA,23686.50178,105.8667337,531.8047191,6177.792357,95.43322327
5282,FREDONIA,23256.43636,40.75059625,727.4400032,6177.792292,77.11412252
5861,VENECIA,16804.12233,17.10469027,893.3486829,6177.79227,50.44129821
5642,SALGAR,17946.92112,93.91588742,0,6403.474914,171.0736779
5209,CONCORDIA,20933.26477,121.2317646,416.4081243,7901.688584,122.4215482
5809,TITIRIB,14277.39014,30.60900604,217.3988785,8359.057578,63.22219441
5030,AMAG,29110.73824,35.97183184,1851.425777,8359.057322,22.48177132
5036,ANGELPOLIS,8775.206868,14.78259766,27.08127999,8359.057474,43.46064284
5129,CALDAS,75504.44026,1622.416465,11733.40995,8359.05748,12.81155237
5631,SABANETA,49700.55477,78.10775611,38280.43003,8359.057272,5.800185518
5380,LA ESTRELLA,70777.90018,208.9371557,26176.33383,8359.057582,5.649180978
5266,ENVIGADO,176095.3842,2533.913752,123216.2028,8359.057382,4.365753742
5607,RETIRO,60778.88513,614.8307084,57.09209874,8206.028551,24.05778222
5670,SAN ROQUE,17081.41865,113.4485156,169.0513158,8035.281428,278.7461133
5021,ALEJANDRA,3689.914316,22.30401143,131.671312,8359.057373,287.5826004
5579,PUERTO BERRO,45512.46879,613.5915976,1429.593841,7946.413753,250.2356074
5425,MACEO,6798.708644,37.6795221,0,7946.413907,224.3448814
5885,YAL,8160.147703,45.32063866,0,7946.413965,220.6880091
5890,YOLOMB,23592.86981,1030.459963,73.81501177,8120.953435,184.8026866
5190,CISNEROS,8912.879831,37.09295501,1269.235747,8359.057246,81.15886286
5690,SANTO DOMINGO,10887.10454,7.681545691,228.5864526,8359.057309,136.8239995
5079,BARBOSA,48637.58548,79.78551505,1780.344478,8359.057473,39.19198177
5237,DON MATAS,21064.3206,50.39813686,856.8996795,8359.057487,74.94127787
5308,GIRARDOTA,52431.03499,38.17738217,2866.326875,8359.05727,11.12052449
5212,COPACABANA,70000.67423,34.41453455,23738.87701,8359.057316,4.826531931
5088,BELLO,452206.8647,1728.271104,263843.3714,8359.057372,5.718174562
5318,GUARNE,46603.16567,48.9593847,2836.656681,8359.057359,17.84946006
5664,SAN PEDRO,24819.56683,113.2983033,0,8359.057364,58.01946695
5125,CAICEDO,8106.374305,50.88986486,72.65804087,8286.858948,256.783335
5847,URRAO,43248.5499,291.1504271,307.7029231,8167.762833,576.8502258
5873,VIGA DEL FUERTE,6336.524546,68.21103035,0,8167.763177,800.8191996
5284,FRONTINO,16687.34774,112.9602814,259.0476446,8167.763034,361.8401506
5004,ABRIAQU,2464.528509,1.127884079,0,8167.76293,284.9266596
5411,LIBORINA,9371.742865,39.29067433,0,8359.05729,575.3146965
5086,BELMIRA,6853.031334,11.70461647,0,8359.057351,381.50097
5264,ENTRERRIOS,9709.302435,19.29957248,0,8359.057451,111.6525316
5686,SANTA ROSA DE OSOS,34740.15431,218.2370334,2214.325694,8359.057267,161.4905576
5310,GMEZ PLATA,12545.57938,28.18448206,485.5017904,8359.057276,172.4959942
5150,CAROLINA,3648.205433,9.331061439,0,8359.05745,178.6368313
5031,AMALFI,21795.54527,122.6712084,98.56335711,7730.901591,294.4604663
5858,VEGACH,10033.33421,87.42015593,0,7946.413889,223.4682323
5893,YOND (Casabe),15812.2285,81.59493026,58.00777693,7008.044918,223.2251342
5604,REMEDIOS,29651.29373,129.9601187,1886.951521,7497.854284,405.5411268
5736,SEGOVIA,35216.48293,153.3606596,1234.867312,7090.36134,371.6427898
5040,ANOR,16738.31817,110.7110617,0,7484.086909,445.9811807
5134,CAMPAMENTO,9211.652088,55.50972768,0,7791.979261,311.1992323
5658,SAN JOS DE LA MONTAA,3244.106293,15.11594525,0,8359.057452,386.5725274
5647,SAN ANDRS,6483.34622,40.43695618,0,8359.057355,312.7641446
5628,SABANALARGA,8226.746437,22.40487412,32.24516868,8267.752551,408.6566971
5113,BURITIC,6889.128683,43.91907244,0,8359.057306,350.7229978
5138,CAASGORDAS,16657.6581,69.09696494,186.0807663,8221.13907,272.6559987
5842,URAMITA,8312.225326,28.65581417,0,8185.657832,344.774591
5543,PEQUE,10700.17188,61.66377809,0,7783.946615,384.9891442
5819,TOLEDO,6213.779914,27.04747984,0,7885.26216,201.6662883
5361,ITUANGO,21829.65661,202.2812688,13.13785139,7287.111224,447.4075887
5107,BRICEO,8679.85611,57.00258494,0,7479.786796,591.1539935
5854,VALDIVIA,21068.29363,45.54110514,0,7479.78671,297.9201177
5895,ZARAGOZA,33598.83731,208.3121889,951.3658955,7124.156395,406.5581135
5250,EL BAGRE,48383.06281,218.6218945,772.7858428,7090.361199,546.2524205
5495,NECH,25006.05624,119.5578294,522.7083952,5993.435098,371.9875067
5172,CHIGOROD,73922.64722,2847.648196,3306.790649,6888.506814,136.8148194
5045,APARTAD,162843.5557,3917.614877,28583.71194,6881.085503,50.39159182
5147,CAREPA,56631.62007,154.489908,896.3851035,6888.506877,66.06979521
5665,SAN PEDRO DE URAB,30283.74136,280.6539439,0,6717.194151,308.932084
5315,GUADALUPE,6304.435317,15.42507807,0,8359.057537,210.1009303
23807,TIERRALTA,98518.40469,668.6010789,9882.506982,6202.359771,237.2017083
23855,VALENCIA,42219.7327,228.0867387,1100.960339,6717.193973,218.1656438
23417,LORICA,107637.6053,2189.103328,17428.75037,3558.809081,103.4857587
23586,PURSIMA,16969.55023,7.526549906,1106.181972,3473.856017,103.6362775
23660,SAHAGN,90327.53754,2130.079145,9705.885674,3647.468608,112.6639375
23678,SAN CARLOS,30870.25893,113.4848186,213.4665748,3647.468606,64.10629698
23555,PLANETA RICA,64930.97274,810.1475682,4960.523408,3647.468668,115.3227159
23079,BUENAVISTA,21136.92462,4.456765951,100.6132408,3647.468533,149.5878959
23350,LA APARTADA,15304.06512,46.20859873,0,4169.180863,176.9837841
23466,MONTELBANO,67571.7031,2118.355119,4789.082697,6240.210189,193.7633982
70204,COLOS,5778.71719,3.476106627,536.5189472,3473.856004,70.21431771
70230,CHALN,4363.122233,2.849470244,0,3473.855932,103.615286
70508,OVEJAS,21066.05219,6.149699676,241.1677046,3473.856053,106.7258952
70823,TOLUVIEJO,19331.45405,23.9490132,292.9912292,3473.856053,52.52583508
70001,SINCELEJO,267367.9442,13013.56854,102552.5786,3473.856033,7.662365186
70215,COROZAL,60690.9249,2226.279796,6671.439966,3473.856085,56.45553852
70702,SAN JUAN DE BETULIA,12700.20287,26.68296224,290.5088347,3473.856026,78.64126011
70742,SINC,32873.22221,7.994886765,1291.596593,3530.44808,82.55553107
70110,BUENAVISTA,9774.536578,32.88473935,625.9280011,4079.871815,94.05248755
70717,SAN PEDRO,16174.53952,56.62954377,1728.590378,3635.093991,74.30490964
70235,GALERAS,19799.00824,6.886837342,855.3207594,3828.484581,95.50496103
70233,EL ROBLE,9695.069837,37.80507484,122.4273059,3473.856046,171.3101258
70670,SAMPUS,39454.0827,111.7691818,362.4707337,3473.856024,29.70451531
70678,SAN BENITO ABAD,27382.18182,78.02054181,218.5232008,4176.300609,135.035658
70265,GUARANDA,16566.36329,90.40140416,0,4628.528537,261.8600312
70124,CAIMITO,11191.54056,23.06353913,101.0451966,3647.468622,100.5371596
70708,SAN MARCOS,54088.3051,1323.847513,1840.457782,3647.468613,120.4260721
13222,CLEMENCIA,12029.71733,12.06552431,508.6644112,5568.337739,93.4085432
13683,SANTA ROSA,22710.813,32.83259263,1275.76593,5568.33757,104.5218813
13873,VILLANUEVA,18574.8914,6.257902998,1128.267565,5568.337519,111.1162505
13647,SAN ESTANISLAO,15858.21033,24.63632848,2516.377881,5568.337568,95.67461274
13760,SOPLAVIENTO,8245.249463,8.025215846,2177.501206,5568.33767,72.61616781
13433,MAHATES,25562.91156,43.28756967,1359.856479,5568.33756,157.8046863
13052,ARJONA,70311.35577,216.6520055,9205.578378,5568.337609,133.6841807
13836,TURBACO,100064.0989,48.93263484,31045.28764,5568.337622,95.33235839
13838,TURBANA,15435.86699,42.3989558,1457.694573,5568.337614,111.4842239
13442,MARIA LA BAJA,46814.54796,344.1836225,2625.870456,4326.302473,149.2931525
13657,SAN JUAN NEPOMUCENO,33464.47652,75.44011729,3466.253523,4193.284731,181.2493931
13654,SAN JACINTO,21807.22323,32.97080234,1956.178993,3610.024482,159.7532562
13244,EL CARMEN DE BOLVAR,73843.38838,1577.042491,11635.64234,3511.424691,171.4138314
13894,ZAMBRANO,12766.01104,57.13448663,568.5387698,4079.871802,166.5889878
13212,CRDOBA,12929.06565,20.64674628,184.7482416,3999.250111,143.9050754
13430,MAGANGU,124576.2446,4396.3436,25490.19669,4188.455256,43.37492655
13780,TALAIGUA NUEVO,10229.05724,70.98965716,333.8312466,4079.871753,58.64939892
13188,CICUCO,11046.34104,51.41654682,1184.584582,4079.871726,27.56460904
13468,MOMPS,44459.83823,1459.873141,663.9062266,4079.871791,87.63942911
13650,SAN FERNANDO,13586.44943,46.61994743,73.36230263,4079.871744,171.708575
13667,SAN MARTN DE LOBA,16730.10134,68.43993184,357.9680894,4603.117058,199.4123285
13268,EL PEN,9316.783294,8.993744647,283.0351932,4572.792687,192.7555926
13580,REGIDOR,9815.699209,20.85558355,29.23795452,4572.792701,158.4098625
13042,ARENAL,17613.7126,64.52018206,195.8991127,4611.565248,523.6139726
13744,SIMIT,20409.2828,516.8603467,153.117644,6199.814239,469.0433937
13670,SAN PABLO,31692.90159,270.9976505,150.154851,6894.718917,656.6053301
13458,MONTECRISTO,20631.29379,24.68374537,13.93326174,5660.693177,671.1190469
13655,SAN JACINTO DEL CAUCA,13475.64445,37.99052653,34.94452911,4628.528493,236.5790603
13620,SAN CRISTBAL,6642.082224,1.258151514,610.8082525,5568.337551,73.84951489
13062,ARROYOHONDO,10508.04548,20.74919721,251.2698021,5325.582733,127.2392999
13140,CALAMAR,21952.19759,33.680439,1405.708556,5322.544056,93.34542703
13440,MARGARITA,10007.88172,37.81853585,56.89183524,4106.436237,199.9061289
8296,GALAPA,45186.88889,216.2439795,3096.590529,5049.096369,19.38848708
8758,SOLEDAD,657888.3789,4995.6887,607992.9144,5049.096173,4.791815361
8433,MALAMBO,123168.7231,116.3800703,60374.24412,5049.096292,9.639015686
8078,BARANOA,57364.77617,494.8384241,10085.72259,5049.096364,26.07406983
8558,POLONUEVO,14782.73385,1.546411978,2210.861814,5049.096158,28.01057519
8634,SABANAGRANDE,29587.72657,9.425003959,7050.37066,5049.096339,13.77772996
8638,SABANALARGA,96719.41021,2543.639904,26816.24088,5166.292427,18.46029936
8141,CANDELARIA,12236.78136,33.40567366,1303.896185,5049.096384,40.75402447
8436,MANAT,15677.28902,16.69485368,2029.176014,5252.954437,51.26773785
8137,CAMPO DE LA CRUZ,17449.4968,33.47227016,4583.620418,5049.09635,50.74385369
8770,SUAN,8990.111119,14.3500282,1225.24866,5049.096331,59.71250373
8606,REPELN,26440.66914,76.85054542,2553.287953,5568.337657,80.51856268
8421,LURUACO,26109.19362,27.33655061,1984.68017,5568.337517,56.71538968
8849,USIACUR,9719.026755,7.971113782,550.7853422,5141.410109,43.24545591
50400,LEJANAS,9866.141053,33.99317946,229.7548394,8650.261964,1070.241426
50318,GUAMAL,9424.856576,23.28713248,478.9697975,8176.96336,221.8460528
50006,ACACAS,66030.93823,517.6427521,4963.014012,7267.846731,127.4057311
50606,RESTREPO,10747.41481,56.51365925,387.0063253,7170.647785,103.3688923
50686,SAN JUANITO,2466.965918,10.22473106,17.54732382,7170.647867,365.3670133
50251,EL CASTILLO,6757.52613,34.87136445,94.73793497,7428.598745,651.1775854
50270,EL DORADO,3229.594383,7.176769654,0,7380.678869,490.3727226
85015,CHMEZA,2386.947513,7.096411621,21.93488043,6053.312973,596.0396772
85400,TMARA,6485.63073,40.14494682,0,6058.828499,622.3389907
85315,SCAMA,1958.686395,1.422056953,4.510353344,6514.196892,839.9047399
85136,LA SALINA,1496.870807,1.506413153,0,6579.717819,1010.594568
85250,PAZ DE ARIPORO,27026.3959,297.5257326,1618.848412,15257.7089,551.5715002
85125,HATO COROZAL,11494.72098,61.13549824,191.8436402,28665.6606,493.9419106
81300,FORTUL,26072.78482,140.8760943,713.8272471,25341.03364,640.5306091
44098,DISTRACCIN,15059.43663,27.52572129,538.1022988,9280.006964,116.533252
47605,REMOLINO,8904.72885,2.924846236,463.7102998,5049.096382,91.80539621
47460,NUEVA GRANADA (Granada),18895.09317,124.2671025,330.141889,4079.871857,182.107017
47170,CHIVOLO,16100.71088,103.4223597,878.0733437,5013.20996,164.7895859
47960,ZAPAYN (Punta de Piedras),8786.758817,35.17550943,102.7749396,5049.09631,154.766057
47161,CERRO DE SAN ANTONIO,7307.306288,0.60599593,506.9730476,5049.096289,80.62744961
47798,TENERIFE,11407.48029,56.5560509,354.7992279,4079.871672,204.4005374
47555,PLATO,51573.66255,2010.636484,4007.942748,4111.847134,178.0254128
47720,SANTA BARBARA DE PINTO,16066.48405,48.8643947,203.4327928,4079.871858,138.0875199
47707,SANTA ANA,24414.24074,282.0641963,1259.847894,4157.136513,158.3072843
47703,SAN ZENN,9472.404811,54.47448853,430.1183446,4079.871843,87.17932613
47318,GUAMAL,26291.18319,145.5346493,371.9785443,4079.871839,142.8041959
47245,EL BANCO,55123.19326,2725.638779,3880.340137,4306.631356,170.0559972
47258,EL PIN,15330.22393,68.93798196,661.0738868,5049.09629,100.6694058
47675,SALAMINA,7215.564681,21.02261745,565.3035953,5049.096256,66.6300255
20570,PUEBLO BELLO,22911.88252,73.10131693,404.4355784,4716.893438,227.8871934
20001,VALLEDUPAR,435312.7925,16601.09005,109158.2262,4703.586634,90.09792829
20750,SAN DIEGO,13773.23309,23.75832037,564.456429,4710.368048,141.8108068
20060,BOSCONIA,35701.19191,884.5684025,5571.877738,4592.064158,154.8500725
20250,EL PASO,22465.26305,90.79184491,1325.405252,4557.579974,208.5753849
20032,ASTREA,21544.10406,146.1714859,652.9375065,4411.626876,214.4914642
20175,CHIMICHAGUA,30912.21432,52.17017274,631.960345,4557.58003,212.1870673
20787,TAMALAMEQUE,11503.52264,69.30346781,189.6527225,4570.893391,144.430691
20383,LA GLORIA,13930.06054,68.15930338,566.189233,4572.79275,111.4687308
20011,AGUACHICA,91332.05018,3412.759895,20772.01177,4572.79274,29.18767658
20614,RO DE ORO,14268.7616,116.103767,14.80298403,4572.792695,58.44536819
20770,SAN MARTN,20172.41971,150.6286721,410.3118381,5638.551804,148.1789756
54673,SAN CAYETANO,5704.055372,23.71773073,0,6802.518746,41.78168543
54172,CHINCOTA,16047.79012,28.53904455,1150.497913,6802.518606,63.16741939
54223,CUCUTILLA,7678.406077,10.78359112,105.5985849,6802.518631,376.5343796
54520,PAMPLONITA,5023.108949,1.230311283,0,6802.518587,112.56939
54480,MUTISCUA,3824.726322,4.095699816,0,6802.518457,190.6472212
54377,LABATECA,5788.88717,14.45060049,0,6802.518601,201.8493952
54405,LOS PATIOS,80734.87644,1542.139985,35052.52745,6802.518652,15.97229274
68444,MATANZA,3545.32062,9.125875046,0,6331.533152,124.3663795
68867,VETAS,2404.631996,0.015151746,38.44784614,6802.518611,214.2825974
68169,CHARTA,2771.332971,2.620754769,0,6591.412664,211.9455877
68820,TONA,7414.879541,8.277742968,165.9952399,6466.77963,131.1688891
68001,BUCARAMANGA,543165.7806,14621.63659,320819.3496,6331.533124,5.668925535
68276,FLORIDABLANCA,262803.7276,9078.544718,139186.1554,6331.533188,10.21171917
68547,PIEDECUESTA,144145.0299,365.6451724,12010.55034,6636.099816,28.4394906
68318,GUACA,6629.326013,12.87295346,0,6609.860549,238.0123424
68669,SAN ANDRS,8807.88499,23.57313037,0,6579.717727,240.8579573
68162,CERRITO,5758.674326,14.07801998,0,6579.717802,385.0607968
68207,CONCEPCIN,5428.47392,22.1427546,27.24434348,6579.717764,431.3644619
68464,MOGOTES,10904.30257,46.82104889,124.7899727,6744.732007,291.3358703
68209,CONFINES,2771.639445,0.523099647,0,7139.802266,159.56576
68755,SOCORRO,30483.1684,1328.201321,2995.061708,7139.802241,108.3641471
68549,PINCHOTE,6588.194367,63.54982933,579.6507586,7139.802373,92.61873713
68229,CURIT,12130.07281,16.31422581,245.992976,6986.638193,122.9445633
68160,CEPIT,1934.070611,0.079617909,117.0320884,6579.71779,236.556678
68689,SAN VICENTE DE CHUCUR,33938.398,144.2483263,113.319157,6980.072532,132.9271396
68307,GIRN,166227.5874,372.1173887,34715.76375,6466.759048,24.60940838
68573,PUERTO PARRA,7353.976661,22.39482149,41.11271539,7325.043547,160.7409786
68322,GUAPOT,2379.382378,0.221088141,7.039124378,7139.802273,138.8772561
68745,SIMACOTA,8125.108719,11.81063829,45.57956863,7139.802359,290.0586552
68344,HATO,2331.656675,0.045266963,0,7139.802461,402.7307334
68522,PALMAR,3299.237056,1.209444697,123.6239466,7139.802259,101.6102831
68121,CABRERA,2278.209382,1.691524943,0,7139.802222,162.3404566
68079,BARICHARA,7368.917258,17.102563,428.8483397,7139.80238,115.0017378
68296,GALN,2514.801489,2.572395868,28.98301172,7139.802348,191.457318
68235,EL CARMEN,19689.51739,40.77354747,0,7139.802467,256.6224526
15522,PANQUEBA,1555.13577,1.327849421,28.43976622,6579.717499,396.9478581
15317,GUACAMAYAS,1735.106385,0.005604063,0,6579.717782,239.5161639
15723,SATIVASUR,1138.54103,0.053804747,0,6579.717827,155.9084864
15822,TOTA,5636.708534,0.199232497,0,6022.565612,271.440268
15542,PESCA,8485.938868,5.709842392,98.73154812,5999.534981,224.3451985
15226,CUTIVA,1866.708151,0.041960389,0,6053.313223,36.35487028
15272,FIRAVITOBA,6349.321173,4.325040821,143.0176975,6041.265226,47.04365636
15491,NOBSA,16605.52224,7.982527122,7287.662839,6053.31323,12.84115276
15466,MONGU,4854.4102,14.33676066,422.7214625,6053.313184,101.2424016
15820,TPAGA,3746.954696,0.998474569,1135.494518,6053.313238,23.44095506
15276,FLORESTA,4644.604652,1.175642531,89.72522045,6053.313044,65.83735045
15839,TUTAZ,2009.069355,0.020311705,0,6579.717721,183.8273917
15162,CERINZA,3934.304161,0.024515419,362.5761432,6053.313064,99.85817216
15599,RAMIRIQU,10517.07524,63.6729007,645.6106671,5999.535088,122.5277815
15804,TIBAN,9368.728346,3.606756582,361.9087483,5999.534998,122.0710329
15897,ZETAQUIRA,4279.233168,1.26467282,0,5999.535003,337.9072177
15425,MACANAL,4846.217139,1.028908024,28.67268732,6522.24487,279.9806285
15022,ALMEIDA,1930.276348,0.012626002,0,7170.647887,293.3016922
15761,SOMONDOCO,3639.339845,0.203275559,26.45785874,7170.647756,175.6316275
15172,CHINAVITA,3444.05389,0.121942966,63.02683023,5999.535046,261.737404
15232,CHQUIZA,5585.590109,1.227428517,9.144387405,5999.535029,182.2499613
15686,SANTANA,7726.702664,1.508791895,153.0223162,7139.802214,150.5975968
25394,LA PALMA,10335.84711,33.9927195,207.7972346,6434.221632,121.3233002
25823,TOPAIP,4889.93306,2.265504679,0,6434.221666,213.0549461
25398,LA PEA,7031.211327,3.536634651,95.59399375,6434.221673,192.6650561
25862,VERGARA,7531.647281,22.04463598,40.3896862,6434.221598,378.6429212
25491,NOCAIMA,8072.816648,0.61601943,191.7788333,6434.221704,120.6109957
25168,CHAGUAN,4426.99183,4.420286686,0,9707.794337,165.6938795
25867,VIAN,3604.778833,6.110575887,0,9707.794279,142.1931985
25095,BITUIMA,2773.937989,0.428668898,0,9707.794383,69.45329806
25086,BELTRN,2221.002595,0.126499325,0,9707.794441,213.2601022
25580,PUL,2916.77547,0.054460706,0,9707.794225,349.5119115
25368,JERUSALN,2722.895963,1.215310886,0,9707.79422,399.2839108
25324,GUATAQU,2577.892478,0.007376298,0,9707.79433,204.3898146
25815,TOCAIMA,18152.41315,36.02792858,775.2750619,9707.794286,78.20454205
25483,NARIO,2214.468121,1.952079027,88.97845627,9707.794508,105.6212446
25307,GIRARDOT,104743.8485,4017.563115,30766.93602,9707.794386,6.689520144
25612,RICAURTE,9815.198668,16.65865624,1662.054772,9707.794348,19.48256224
25488,NILO,18041.60424,1.704446982,1082.160572,9707.794324,76.05068613
25001,AGUA DE DIOS,11112.10737,8.176249216,298.0195968,9707.794276,51.27730175
25599,APULO,7922.024006,4.990706153,137.9533576,9707.794004,86.0702132
25743,SILVANIA,22509.54308,8.208287138,389.3597668,9707.794259,31.81010786
25524,PANDI,5651.758877,2.854780415,373.9466367,9707.794235,144.4635707
25506,VENECIA,3968.348385,4.265471394,0,9707.794515,340.9343425
25178,CHIPAQUE,13980.82345,97.03716811,208.0377567,9707.794471,98.78925609
25740,SIBAT,39819.49698,18.6254152,4062.103996,9707.794065,35.22123021
25312,GRANADA,7792.754899,0.197315703,0,9707.794361,45.76286796
25335,GUAYABETAL,5028.607144,2.360232454,0,7170.64796,181.3292197
25645,SAN ANTONIO DEL TEQUENDAMA,13935.39957,19.14559061,0,9707.794481,32.48264221
25386,LA MESA,30520.81496,731.1639717,1928.252227,9707.794242,45.37540151
25797,TENA,8760.323302,4.15273198,177.2366447,9707.793968,59.35323795
25099,BOJAC,11656.92644,5.279274623,686.8288919,9707.794341,40.21919779
25040,ANOLAIMA,12591.17797,29.72931314,0,9707.794218,37.6393465
25328,GUAYABAL DE SQUIMA,3905.527846,0.22429322,0,9707.79425,41.80313926
25019,ALBN,5223.740633,1.235809675,0,9707.794272,33.62142675
25799,TENJO,21651.40462,42.81783769,0,9707.794355,20.41681664
25899,ZIPAQUIR,119779.6021,1356.112722,28290.59677,6873.162114,17.42918887
25736,SESQUIL,12965.29367,26.39538897,0,6304.099439,83.28457388
25293,GACHAL,5757.654164,1.297018571,0,7170.647774,421.5067554
25438,MEDINA,9975.246406,67.53191691,41.58166501,7170.64784,265.9452312
25530,PARATEBUENO,7751.4143,2.925201536,44.06402304,7170.647866,221.4396221
25183,CHOCONT,23969.18717,414.2010123,1042.881716,5999.53495,102.2876367
25518,PAIME,4649.538647,2.329814323,0,6434.221806,334.0302044
25653,SAN CAYETANO,5587.205871,0.479315427,0,6394.754153,544.2945755
19022,ALMAGUER,20763.16207,104.7892733,129.139248,4046.861067,256.2454427
76563,PRADERA,53447.78695,61.81152235,4261.540638,7532.176508,48.68839508
52427,MAG (Payn),21824.3274,6.053781729,0,3147.890219,693.9105206
52233,CUMBITARA,15009.29042,34.19611735,0,2842.094471,472.1853063
41319,GUADALUPE,19947.90243,139.2164878,1638.020053,5502.400551,205.7564484
73319,GUAMO,32775.96646,79.11713494,1647.267567,8221.212401,51.67295257
73268,ESPINAL,76483.10627,1706.670483,9339.612226,9707.794204,9.054546877
63690,SALENTO,7888.001488,6.675462055,0,5768.126824,154.6121748
63111,BUENAVISTA,2739.495664,1.244534755,0,5768.126685,68.63575316
66400,LA VIRGINIA,30536.74122,203.8181332,6008.747397,5768.126837,29.10287346
66075,BALBOA,6961.777186,33.39119598,108.956185,5768.126767,51.61133074
27787,TAD,19577.92289,153.4548272,0,5364.393449,207.7083886
27050,ATRATO (Yuto),9832.9011,14.25825515,0,5364.393519,120.5333668
27810,UNIN PANAMERICANA (nimas),12105.61919,33.28792382,0,5364.393498,118.3149891
27425,MEDIO ATRATO (Bet),29658.10691,107.8202103,0,7233.004099,706.098399
17088,BELALCZAR,11431.83841,95.0605184,0,5848.880951,61.17572744
17442,MARMATO,10367.11038,62.62426241,0,6177.792292,85.5719983
17867,VICTORIA,9329.994651,36.61849456,85.44883065,6434.221798,194.0484861
17486,NEIRA,30100.02362,83.59168393,2623.31088,6177.79233,56.53627293
17873,VILLAMARA,55858.27818,80.77461213,16986.6488,6021.171457,75.50093947
17174,CHINCHIN,51098.56406,751.2208546,13150.8404,5881.832962,33.32789058
17524,PALESTINA,18870.8984,30.71139986,129.8230249,6177.792364,43.6735904
5145,CARAMANTA,5349.166586,11.46247141,58.71818141,6177.792251,159.9660026
5856,VALPARASO,7924.137139,13.67949734,133.5706423,6177.792432,122.8406984
5591,PUERTO TRIUNFO,18979.45489,78.44769497,66.78822727,6680.819433,129.5364307
5652,SAN FRANCISCO,5621.428707,32.37195865,51.55644432,6316.054296,289.6857176
5660,SAN LUIS,10890.07976,100.9688792,0,7471.191454,216.4800477
5313,GRANADA,9258.161974,15.98374099,184.7621111,8359.057385,84.30591118
5467,MONTEBELLO,5738.291373,19.02947493,69.78990878,6177.792212,249.4669814
5792,TARSO,4190.271712,17.71470628,0,6177.792296,127.5637496
5101,CIUDAD BOLVAR,24644.48418,840.6068891,976.8163408,5689.53298,222.3082469
5091,BETANIA,9287.272106,50.92403603,288.382959,5877.577282,395.2614456
5093,BETULIA,17434.36597,126.6131141,223.5362226,8303.53045,225.7930006
5347,HELICONIA,6056.929934,10.30755633,0,8359.057415,82.23088375
5059,ARMENIA,4412.523955,21.16907892,0,8359.057487,82.02749427
5321,GUATAP,5708.37482,4.347233883,0,8359.057473,70.97334539
5142,CARACOL,4784.089121,17.47636628,0,7946.414013,348.8960191
5306,GIRALDO,4388.015336,49.81923264,0,8334.464151,158.7395476
5501,OLAYA,3140.073426,6.11263835,0,8359.057214,221.4442308
23464,MOMIL,14480.48926,21.40255057,913.6495397,3473.856021,83.17578436
23162,CERET,88050.62805,1487.681678,16123.23447,3726.529818,30.80522353
23300,COTORRA,12935.49581,20.03804556,0,3473.855981,155.0389202
70400,LA UNIN,11896.86785,53.04239541,33.23376947,3647.468612,163.9267461
13248,EL GUAMO,7922.581649,23.20330749,108.5747508,4860.386396,213.9466779
8675,SANTA LUCA,11771.17411,8.708734014,1873.145441,5049.096209,62.11876301
50245,EL CALVARIO,2244.779668,7.423234433,0,7170.647756,261.5799808
47980,ZONA BANANERA (Prado Sevilla),61206.57775,80.60233395,6685.576738,5049.096464,43.40732223
47058,ARIGUAN (El Difcil),32029.66572,140.8612858,1716.831081,4212.080554,188.5205988
47205,CONCORDIA,9406.41404,49.14502861,473.6496978,5049.096212,117.2681385
47545,PIJIO  DEL CARMEN,12844.37275,114.0233134,119.5591079,4185.053907,209.2692348
47692,SAN SEBASTIN DE BUENAVISTA,18120.16752,147.5258718,254.0600239,4079.871816,143.9091183
47541,PEDRAZA,8691.634926,25.31960072,279.2088722,5049.096322,123.6240517
20517,PAILITAS,17500.52237,71.51135277,1148.322641,4570.168496,209.3868783
20550,PELAYA,19753.88876,67.82199997,2383.921341,4572.792671,129.0007515
20295,GAMARRA,16231.90653,12.29111078,562.8131803,4572.792711,44.84049228
20710,SAN ALBERTO,22936.71763,212.0547989,206.593424,6331.533164,201.4547281
54250,EL TARRA,12687.35712,88.05741519,140.0227481,4764.472329,188.6779248
54003,BREGO,37439.17997,123.9753007,1186.581908,5243.549841,174.6193435
54344,HACAR,10612.39742,55.29848548,54.34005935,4572.792706,296.3488172
54660,SALAZAR,9122.00756,16.55304953,134.4477917,6802.518439,393.3102169
54239,DURANIA,3886.278104,11.81364244,157.7938231,6802.518621,131.7191193
54051,ARBOLEDAS,9255.709454,18.90977105,68.67467999,6802.518612,655.1925847
54099,BOCHALEMA,6891.908328,0.784433035,166.527072,6802.518508,137.0258635
54518,PAMPLONA,56743.26198,922.8360846,9543.21248,6802.518677,30.42089236
54125,CCOTA,2065.227164,2.980929513,0,6802.518536,197.0845244
54743,SILOS,4135.189502,9.338337259,7.748187274,6802.518499,155.8190794
54174,CHITAG,10373.20045,7.288810455,50.95495517,6758.920845,584.3163391
68132,CALIFORNIA,1807.592504,0.111799803,0,6802.51861,439.9527038
68705,SANTA BRBARA,2182.489476,1.330811979,0,6643.655022,260.9237484
68152,CARCAS,5091.136985,7.094034168,0,6579.717627,314.8786019
68147,CAPITANEJO,5224.690579,23.66442836,489.3544883,6579.717828,162.7576318
68425,MACARAVITA,2540.290289,3.801875153,0,6579.717666,211.6132904
68686,SAN MIGUEL,2721.125919,4.155105133,0,6579.717738,316.5795268
68502,ONZAGA,5182.722106,11.73477434,52.05379412,6579.717678,346.0230605
68682,SAN JOAQUN,2576.770165,7.109728661,32.00021553,6579.717754,255.973849
68217,COROMORO,7542.863345,4.806964062,0,6796.806585,514.885424
68418,LOS SANTOS,12039.65247,12.18379442,0,7139.802205,107.0627886
68092,BETULIA,5278.476703,0.540292385,0,6590.295802,145.198863
68406,LEBRIJA,37693.58082,77.33420772,1268.471845,6331.533304,22.72755232
68179,CHIPAT,5344.648835,6.531575893,0,7139.802399,158.7158575
15180,CHISCAS,4626.160233,0.631776222,0,6579.717711,1224.439219
15248,EL ESPINO,4196.779578,0.08168191,207.176202,6579.717623,300.8002609
15218,COVARACHA,3077.430644,2.323832184,22.69414299,6579.717624,231.4802279
15810,TIPACOQUE,3326.283371,0.419845949,0,6579.717789,315.9771989
15753,SOAT,7734.987143,564.0831416,645.0690994,6579.717712,235.8985021
15500,OICAT,3483.271189,12.66778031,0,5999.53501,33.38479331
15001,TUNJA,182260.0801,6659.510235,96201.27022,5999.535027,8.85247966
15187,CHIVAT,5892.977722,0.626881613,0,5999.534831,59.91648138
15814,TOCA,10369.44527,33.93175789,465.7810265,5999.535041,106.1297868
15740,SIACHOQUE,9210.285576,3.505158192,119.2492791,5999.535124,373.9988639
15764,SORAC,5592.918381,4.402457728,293.3539942,5999.534876,64.13822526
15879,VIRACACH,3210.344199,0.011189505,0,5999.53528,153.8254502
15104,BOYAC,4372.838975,0.122343657,0,5999.534949,91.42121434
15189,CINEGA,4571.043837,1.426473388,90.21875621,5999.535098,90.16930015
15367,JENESANO,7521.475603,3.709757146,145.3935005,5999.535127,87.28807251
15621,RONDN,2385.561719,0.008806404,0,5999.535054,314.3809807
15798,TENZA,4185.081406,0.066729773,76.33414804,5999.535111,107.8176315
15224,CUCAITA,4601.655483,2.864778461,0,5999.534808,44.3984045
15762,SORA,2989.612573,0.759131029,0,5999.535202,61.11869748
15476,MOTAVITA,7661.904095,20.18999607,0,5999.534873,21.41665931
15632,SABOY,12402.07983,5.148318497,0,5999.535138,193.1756496
15293,GACHANTIV,2693.510053,1.673231015,0,5999.535039,225.2202228
15185,CHITARAQUE,5810.731431,3.450814383,0,6369.844908,176.2800671
15681,SAN PABLO DE BORBUR,10715.66309,4.782824864,0,6434.221794,318.3270979
15212,COPER,3599.014658,2.451491257,0,6339.587587,287.8464315
15480,MUZO,9184.334494,34.35105278,0,6434.22159,202.6096649
15580,QUPAMA,7030.247733,4.840148737,0,6434.22156,481.0554426
15401,LA VICTORIA,1675.320145,0.043407166,0,6434.221597,525.341706
25885,YACOP,16957.60824,19.2505024,57.68918972,6434.221588,418.2575149
25878,VIOT,13289.89888,42.77440743,0,9707.794434,170.3863081
25281,FOSCA,7393.516838,10.63383005,0,7170.647802,235.9396791
25841,UBAQUE,6947.421733,13.06921489,0,7929.446438,133.9878955
25898,ZIPACN,6159.721926,16.44318487,0,9707.794515,21.03552828
25817,TOCANCIP,30192.60432,5.808454519,5375.101758,7170.647882,15.21572953
25295,GACHANCIP,13709.03356,2.491032738,0,5999.534819,24.33711266
25200,COGUA,21293.05742,5.431278942,53.48615869,6145.43564,46.30790606
25781,SUTATAUSA,5875.09813,9.736186478,0,5999.53486,94.1711757
25873,VILLAPINZN,19122.94658,1.973390758,571.4607845,5999.53505,149.9055888
25224,CUCUNUB,7342.026553,1.818284728,0,5999.5351,179.2620086
25288,FQUENE,6896.451685,39.54655386,0,5999.534998,106.5683057
25779,SUSA,11301.21071,0.124785975,0,5999.535079,134.2487455
88001,SAN ANDRS,68393.91043,959.1426204,2788.117427,10921.17757,493.172028
23815,TUCHN,30538.69485,253.6452142,518.0498991,3473.856012,68.59259742
19517,PEZ (Belalczar),34452.99687,645.291183,0,4698.898083,326.2379424
19701,SANTA ROSA,16802.54638,124.8223929,0,4046.861117,546.5662312
19318,GUAPI,29120.54616,298.494263,215.5130375,3180.338466,613.4038206
19809,TIMBIQU,20245.22902,132.7181837,120.6674968,3180.338446,569.4734608
19418,LPEZ,23750.06266,83.19315057,12.49721172,5894.78163,749.3443692
76845,ULLOA,5740.480895,21.34962548,0,5768.126832,51.08365165
76736,SEVILLA,47694.02729,435.8304281,721.2791594,5769.109684,143.7094747
76109,BUENAVENTURA,372474.5635,4737.956007,42550.08804,7432.346496,382.8859795
52696,SANTA BRBARA (Iscuand),14859.33519,34.22513226,66.43436395,3117.500391,815.6095839
52250,EL CHARCO,35703.07425,259.2226436,14.08700498,3030.714279,900.1741199
52390,LA TOLA,11167.0586,22.37072831,0,2821.428163,1026.685947
52490,OLAYA HERRERA (Bocas de Satinga),30663.20506,74.41062578,73.66884077,2821.428111,862.9571439
52473,MOSQUERA,14449.20674,39.76941825,15.44741574,2821.428125,501.4238055
52520,FRANCISCO PIZARRO (Salahonda),11834.37689,24.73916226,15.58401637,2887.449008,379.4987947
52621,ROBERTO PAYN (San Jos),26764.68417,95.89500821,0,3139.33759,660.6448925
52079,BARBACOAS,34246.77574,97.24031585,43.95573666,3200.698516,595.5043182
52612,RICAURTE,16771.91262,82.92895187,0,3117.191785,765.4927966
52227,CUMBAL,39197.11198,144.9435929,0,4164.765914,410.3785605
52224,CUASPUD (Carlosama),9284.503171,25.58086287,360.1732301,3853.013081,64.26649021
52356,IPIALES,128255.0792,3460.102184,21393.70045,3853.013099,275.7128954
52207,CONSAC,9595.777764,19.74523255,595.0731476,2842.094546,168.4110342
52683,SANDON,25756.69429,59.55450453,1777.610929,2842.094488,74.14006481
52258,EL TABLN,13316.24006,67.3889109,156.3443899,3595.558303,372.4843663
86865,VALLE DEL GUAMUEZ (La Hormiga),44184.27248,222.422033,1727.721391,3976.876906,1332.581219
86757,SAN MIGUEL (La Dorada),25638.32137,61.75583797,287.532082,4002.907392,1288.662092
86320,ORITO,52563.371,250.5939454,1851.366133,3902.95286,705.2552768
86885,VILLAGARZN,26686.93152,271.8609613,655.5992459,4017.541429,281.0792611
86001,MOCOA,37980.66632,1475.621251,2895.765867,4045.12344,333.8624
86568,PUERTO ASS,62279.27969,1555.159709,2205.114609,3965.953915,559.3828971
86569,PUERTO CAICEDO,16864.0678,85.40239413,0,4021.873683,468.0305783
86573,PUERTO LEGUZAMO,15768.70881,289.5964832,13.34294526,3974.633575,1557.089761
86571,PUERTO GUZMN,22326.84372,41.03230237,16.68947197,3801.395689,977.5120576
18029,ALBANIA,7056.69048,24.87231492,132.0754748,5312.342783,192.2328389
18860,VALPARASO,10208.43028,40.356031,77.69336158,5161.123896,472.2714226
18785,SOLITA,9463.742042,28.51403885,58.85671523,3889.681168,479.0189888
18094,BELN DE LOS ANDAQUES,12128.60563,40.52068364,214.636271,5230.640181,220.1091021
18001,FLORENCIA,168400.6943,6801.752298,18513.86472,5363.512847,248.9604567
18410,MONTAITA,23063.99784,37.75321474,195.0138051,5308.367476,515.6157511
18256,EL PAUJIL,17634.84859,98.59430112,145.9290598,5393.905637,507.6839555
18247,EL DONCELLO,21473.66617,77.01002697,25.48320764,5434.371578,433.6944612
18592,PUERTO RICO,43382.51613,191.8448028,505.5068302,5477.56854,419.7141095
18753,SAN VICENTE DEL CAGUN,59042.64351,378.3216587,296.958341,5794.133457,814.7988709
18150,CARTAGENA DEL CHAIR,33495.13848,299.4166697,243.855829,4582.121842,1006.939951
18756,SOLANO,22438.60201,53.75421829,96.4510293,4029.835805,1264.67892
41206,COLOMBIA,11718.36081,17.05314811,153.1591633,8944.637266,519.62137
41078,BARAYA,10120.29071,34.28997533,152.1922815,7434.562106,284.6964848
41799,TELLO,14463.78799,40.93977773,270.1224791,6162.569275,115.0373561
41524,PALERMO,35011.88656,191.4199532,2272.653487,5706.530245,81.78856328
41615,RIVERA,18467.23391,59.90036492,607.0664182,5842.559624,101.7466437
41676,SANTA MARA,9217.951276,55.64851155,53.87769,5753.742815,261.3863794
41885,YAGUAR,8800.389937,14.20142408,397.0118944,5842.559574,83.29728364
41349,HOBO,6888.497613,38.75673626,276.2314477,5842.559633,160.2972394
41357,QUIRA,9083.546403,59.58338787,177.6290224,5842.559701,231.7885491
41020,ALGECIRAS,22301.26736,93.14210476,458.8370239,5842.559661,191.0232882
41306,GIGANTE,33148.06361,123.6683655,1248.864103,5842.559709,154.3877496
41797,TESALIA,9299.890002,57.37049065,211.6640085,5842.559584,169.6395466
41548,PITAL,13016.05235,89.01830753,599.8846017,5842.559574,194.4423014
41791,TARQUI,17540.0145,65.87876424,217.7204289,5842.559624,185.3151121
41378,LA ARGENTINA,13344.50706,100.2768192,0,4379.317295,334.939255
41660,SALADOBLANCO,12234.98992,50.11981926,0,3863.956465,333.620508
41244,ELAS,3843.104178,3.275676758,0,5608.09841,141.483164
41359,ISNOS,25135.84277,74.74255297,474.0242657,3986.764558,157.0826184
41551,PITALITO,124602.6526,5226.972022,38724.1913,4101.531145,184.7273135
73349,HONDA,25209.25389,619.6745292,1030.490041,6434.221573,74.0733688
73055,ARMERO (Guayabal),12341.99337,40.74017246,234.456948,7831.362063,145.1381147
73270,FALAN,9554.964865,26.95890886,28.47293535,6404.003714,207.3196204
73686,SANTA ISABEL,6756.184155,60.18950889,56.5832585,5768.126733,416.003744
73001,IBAGU,547909.4912,10804.21396,198303.4143,5772.083225,46.38759326
73624,ROVIRA,21078.63134,222.5325324,232.5895227,5768.126784,208.6954952
73124,CAJAMARCA,19696.40488,144.4858262,540.1201523,5768.126647,145.5119177
73622,RONCESVALLES,6469.823701,56.45624279,50.92905469,5749.023851,247.3920926
73675,SAN ANTONIO,14365.09519,130.7687656,0,5586.074206,317.8602847
73555,PLANADAS,33440.3959,419.9732655,253.6597823,5707.038313,531.4950099
73067,ATACO,21725.43659,126.5386349,135.7200842,5547.281364,867.3752385
73483,NATAGAIMA,22650.0059,118.7585738,513.2302889,5839.016845,211.0114598
73024,ALPUJARRA,5129.070707,16.72603088,136.8850391,8380.767771,219.4857123
73236,DOLORES,8307.851112,25.84157488,0,8944.63735,325.0982959
73563,PRADO,7744.494827,41.17240297,130.0293866,8944.637128,131.6681098
73585,PURIFICACIN,29398.15348,257.3065917,1541.82082,8761.93944,86.20902893
73504,ORTEGA,32990.60989,203.2453419,855.0046382,5596.741167,170.1117144
73770,SUREZ,4599.840885,8.10460943,0,9518.03024,93.44790122
73678,SAN LUIS,19278.64332,27.5076811,139.6438118,5743.58737,113.1072797
73148,CARMEN DE APICAL,8735.814556,26.95109749,469.2533903,9707.794317,104.2534963
73449,MELGAR,35100.41416,88.28186994,5853.258192,9707.794119,56.47676587
63272,FILANDIA,12408.113,9.086452042,0,5768.126577,33.49370625
63190,CIRCASIA,35608.89097,44.09372402,0,5768.126759,12.79534352
63594,QUIMBAYA,34927.77699,59.37888299,1820.16351,5768.126814,42.97797832
63001,ARMENIA,291104.0952,6078.453135,102277.9951,5768.126786,5.911673284
63130,CALARC,76223.2848,716.4731353,4656.901373,5768.126774,18.04002439
63212,CRDOBA,5412.547659,6.995524668,51.6892943,5768.126777,151.874346
66001,PEREIRA,467403.9701,10518.62261,153611.8778,5768.126731,16.42836672
66383,LA CELIA,8750.513949,27.27040706,763.2695733,5996.532608,137.3782479
66687,SANTUARIO,15810.77997,53.29564854,561.5070281,5790.304396,185.7098833
66088,BELN DE UMBRA,28010.39551,122.2556884,1363.21892,6177.792211,111.9872841
66572,PUEBLO RICO,12842.48845,253.3742751,0,5700.984389,362.3351365
66456,MISTRAT,16737.0664,242.3452848,653.8630398,5970.598788,462.4076848
66318,GUTICA,17955.42647,64.90755725,862.0611763,6177.792203,153.3989816
27250,EL LITORAL DEL SAN JUAN,15473.84696,26.19676863,0,7197.431596,1095.156073
27077,BAJO BAUD  (Pizarro),15570.25653,12.21598032,0,5125.895966,968.4381894
27660,SAN JOS DEL PALMAR,9726.301754,68.72582278,0,6592.619852,741.6502436
27413,LLOR,10493.33281,59.26366969,0,5364.393619,407.2635569
27025,ALTO BAUD (Pie de Pat),36323.29396,5.626591209,0,3671.636558,617.864369
27495,NUQU,8671.935214,12.54423426,0,3194.63306,818.4230894
27001,QUIBD,112981.6315,4724.103289,3083.812617,5825.262699,343.1669095
27075,BAHA SOLANO (Mutis),9240.992968,52.06036633,172.133279,3178.90893,713.7217339
27150,CARMEN DEL DARIN  (Curbarad),5059.444615,24.64388968,0,5757.177152,735.73677
27615,RIOSUCIO,37235.34845,60.50292109,0,5690.999465,643.1572448
27372,JURAD,3250.896518,22.01681847,0,4721.468996,647.0564849
27800,UNGUA,14973.00293,59.75252264,33.89468619,6256.579692,528.3486027
27006,ACAND,9776.621382,89.67987758,17.33271786,6361.55427,476.8876973
17665,SAN JOS,7470.136182,34.94725648,0,6177.79232,89.96228596
17616,RISARALDA,9190.848333,48.99539155,0,6177.792236,69.07294843
17614,RIOSUCIO,62886.53003,643.0298002,4006.988828,6177.792255,194.253542
17380,LA DORADA,76262.7265,2132.398581,8127.286962,6434.221757,25.47253712
17444,MARQUETALIA,14658.64922,90.09417975,544.951292,6187.405488,106.2071771
17433,MANZANARES,23596.86689,93.26042446,1474.406503,6177.792341,137.274554
17446,MARULANDA,4611.505594,10.10825313,30.16776404,6177.792445,276.9553978
17001,MANIZALES,396771.5025,6190.611078,168429.3203,6177.792381,11.05003192
5148,CARMEN DE VIBORAL,45660.48762,62.7682169,2017.842013,7009.461226,80.7858336
5360,ITAG,280294.1395,254.3729394,195656.8023,8359.057425,2.349237013
5615,RIONEGRO,117965.0039,5842.543936,16145.96976,8359.05762,9.060884301
5440,MARINILLA,52310.53696,76.57556078,6263.613739,8359.057383,19.69055636
5541,PEOL,16030.34143,23.55284974,0,8359.05723,68.04583268
5206,CONCEPCIN,3781.918287,15.37441222,101.2980006,8359.057437,174.7878286
5001,MEDELLN,2435363.123,48024.39643,1801524.324,8359.057553,8.163700415
5674,SAN VICENTE,17384.28622,22.58770553,217.5302688,8359.057307,140.7432794
5240,EBJICO,12753.29899,45.80400506,0,8359.057356,110.2766021
5044,ANZ,7594.751556,55.85031436,0,8359.05747,283.4488306
5475,MURIND,4402.424122,36.91221024,0,8103.251758,1093.663507
5042,SANTA FE DE ANTIOQUIA,23907.15512,1224.250161,2157.299342,8351.642992,118.3367761
5656,SAN JERNIMO,12392.30147,26.9204152,470.5754041,8359.057576,75.50875077
5761,SOPETRN,14487.25588,29.92955683,444.3269194,8359.05748,106.2840581
5038,ANGOSTURA,11551.30421,50.54135301,87.75533894,8359.05745,240.6526481
5887,YARUMAL,45818.38794,1089.78667,3133.450732,7966.015844,249.2493019
5234,DABEIBA,24476.63062,137.5002808,53.82734165,7545.943291,458.9190714
5480,MUTAT,11802.20126,130.5768584,12.20602538,6888.506844,357.0535209
5154,CAUCASIA,104614.2963,3894.515053,10800.17564,6806.649167,345.242471
5120,CCERES,37263.10322,160.3625617,314.0640539,7479.7868,446.4339298
5790,TARAZ,42150.28175,152.9574522,1042.401463,7479.786874,426.3603074
5837,TURBO,154223.7658,2379.333949,5771.461392,6729.081551,174.5483936
5490,NECOCL,58387.49933,535.9147404,169.7762512,6717.194239,266.1726918
5659,SAN JUAN DE URAB,23440.04569,116.8980747,105.025539,6717.194127,285.8874404
5051,ARBOLETES,40411.44707,123.0661221,579.630882,6717.194102,311.1207903
23001,MONTERA,425069.2371,18909.58174,101702.9332,4806.419467,47.44849988
23419,LOS CRDOBAS,23644.30208,71.62183403,211.7463345,6717.19407,215.938243
23090,CANALETE,19541.56873,61.34018954,69.75812414,6717.194206,168.9938943
23574,PUERTO ESCONDIDO,28798.84048,141.7238757,83.10230847,5624.189816,125.1199743
23500,MOITOS,29952.21642,202.6857473,559.1716983,3864.217297,149.8572724
23675,SAN BERNARDO DEL VIENTO,36682.5478,194.3554832,1764.614696,3595.725713,136.4142032
23672,SAN ANTERO,30028.74123,78.10860198,5621.803613,3473.856031,87.09330294
23168,CHIM,15213.74165,4.653682194,402.2046078,3473.856062,141.416907
23670,SAN ANDRS DE SOTAVENTO,45925.21233,154.731924,1444.339294,3473.856035,83.11950791
23182,CHIN,46800.60086,31.78758487,2424.601537,3521.664481,78.52091968
13300,HATILLO DE LOBA,11967.61588,55.10726739,87.16080467,4518.894117,185.2651898
25839,UBAL,10910.903,3.714831981,0,7170.647839,377.3733973
52835,TUMACO,183973.3489,3205.719022,1196.307674,3342.179622,271.0583864
54498,OCAA,97032.20636,3579.509491,12688.67166,4572.792662,16.45324847
88564,SANTA CATALINA,5476.44715,5.991262584,0,,595.5499495